promoter,route_id,visit_order,store,address,lat,lon
0,0,0,Nutrisa,Nutrisa PLAZA TLALNEPANTLA PB,19.5381343,-99.2067599
0,0,1,WALMART EXPRESS,BLVD. ÁVILA CAMACHO # 1007 COL. SAN LUCAS TEPETLACALCO CP. 54055 DEL. O MPIO. TLANEPANTLA,19.526593,-99.2283868
0,0,2,FRESKO,"La Comer mIGUEL AVILA CAMACHO 3228 XX   C.P. 53100   NAUCALPAN DE JUAREZ,   ESTADO DE MEXICO",19.4978657,-99.237931
0,0,3,WALMART EXPRESS,Superama FUENTES DE SATELITE # 1,19.5227001,-99.2605428
0,0,4,Farmacia del Ahorro,AV.AILES NAUCALPAN DE JUAREZ,19.499881,-99.2849253
0,0,5,WALMART EXPRESS,AV. INGENIEROS MILITARES # 70 COL. PARQUE INDUSTRIAL CP. 11230 DEL. O MPIO. NAUCALPAN DE JUÁREZ,19.4642193,-99.2390696
0,1,0,Farmacia del Ahorro,AV.AILES NAUCALPAN DE JUAREZ,19.499881,-99.2849253
0,1,1,Nutrisa,CALLE COLINA DE LA PAZ # 25 COL. FRACCIONAMIENTO BOULEVARES CP. 53120 DEL. O MPIO. NAUCALPAN DE JUÁREZ,19.4958151,-99.2470253
0,1,2,Farmacia del Ahorro,CIRCUITO CIRUJANOS NAUCALPAN DE JUAREZ,19.5121176,-99.231142
0,1,3,CHED SELECTO,064 TLALNEPANTLA CHEDRAUI MEXICO MUNDO E 04-05,19.5252185,-99.2300509
0,1,4,WALMART EXPRESS,AV. INGENIEROS MILITARES # 70 COL. PARQUE INDUSTRIAL CP. 11230 DEL. O MPIO. NAUCALPAN DE JUÁREZ,19.4642193,-99.2390696
0,1,5,SUPERCENTER,Supercenter AVE LUIS ESPINOSA # 160,19.5311614,-99.1561665
0,2,0,CITY MARKET,"Fresko CIRCUITO CIRCUNVALACION PTE #146 ZONA AZUL, CIUDAD SATELITE XX   C.P. 53100   NAUCALPAN DE JUAREZ,   ESTADO DE MEXICO",19.5040741,-99.2494125
0,2,1,CITY MARKET,"Fresko CIRCUITO CIRCUNVALACION PTE #146 ZONA AZUL, CIUDAD SATELITE XX   C.P. 53100   NAUCALPAN DE JUAREZ,   ESTADO DE MEXICO",19.5040741,-99.2494125
0,2,2,WALMART EXPRESS,Superama CMNO A SN MATEO # 20,19.4910037,-99.2501441
0,2,3,WALMART EXPRESS,CIRC. CENTRO COMERCIAL # 2251 COL. CD. SATÉLITE CP. 53100 DEL. O MPIO. NAUCALPAN DE JUÁREZ,19.5000564,-99.2322722
0,2,4,WALMART EXPRESS,CIRCUITO CENTRO COMERCIAL # 2251 COL. CIUDAD SATELITE CP. 53100 DEL. O MPIO. NAUCALPAN DE JUÁREZ,19.5103999,-99.2338814
0,2,5,LA COMER,"Sumesa CALZ.DE LOS JINETES 155,  ARBOLEDAS. XX   C.P. 51150   ATIZAPAN DE ZARAGOZA,   ESTADO DE MEXICO",19.5595185,-99.2200806
0,3,0,SUPERCENTER,Supercenter PASEO DE LAS PALOMAS # 25,19.5526956,-99.2475985
0,3,1,WALMART EXPRESS,BLVD. ÁVILA CAMACHO # 1007 COL. SAN LUCAS TEPETLACALCO CP. 54055 DEL. O MPIO. TLANEPANTLA,19.526593,-99.2283868
0,3,2,FRESKO,"La Comer mIGUEL AVILA CAMACHO 3228 XX   C.P. 53100   NAUCALPAN DE JUAREZ,   ESTADO DE MEXICO",19.4978657,-99.237931
0,3,3,WALMART EXPRESS,Superama FUENTES DE SATELITE # 1,19.5227001,-99.2605428
0,3,4,FRESKO,"La Comer CALLE SIN NOMBRE MZ 5 LT 1 FRACC RANCHOS DE LA ESTADIA ATIZAPAN DE ZAR XX   C.P. 52973   ATIZAPAN DE ZARAGOZA,   ESTADO DE MEXICO",19.5354335,-99.2993504
0,3,5,WALMART EXPRESS,AV. HIDALGO S/N # S/N COL. INDUSTRIAL TLAXCOLPAN CP. 54030 DEL. O MPIO. TLALNEPANTLA,19.5531212,-99.1938285
0,4,0,Nutrisa,"CZDA. SAN MATEO NOPALA # 17, ATIZAPÁN DE ZARAGOZA, CIUDAD LÓPEZ MATEOS, ESTADO DE MÉXICO, CP 52900",19.4914293,-99.252126
0,4,1,SUPERCENTER,Superama VIA GUSTAVO BAZ # 244,19.497124,-99.2259953
0,4,2,Nutrisa,BOULEVAR MANUAL AVILA CAMACHO # 0 COL. LOMAS DE SOTELO CP. 11220 DEL. O MPIO. NAUCALPAN DE JUÁREZ,19.4682741,-99.2262029
0,4,3,WALMART EXPRESS,AV. INGENIEROS MILITARES # 70 COL. PARQUE INDUSTRIAL CP. 11230 DEL. O MPIO. NAUCALPAN DE JUÁREZ,19.4642193,-99.2390696
0,4,4,CITY MARKET,"La Comer ATENAS #6 ESQ.BLVD. DE LOS CONTINENTES FRACC VALLE DORADO.POR GUSTAVO  XX   C.P. 54020   TLALNEPANTLA DE BAZ,   ESTADO DE MEXICO",19.5506987,-99.2141984
0,4,5,Nutrisa,"AV. TLALNEPANTLA-TENAYUCA 25, MUNICIPIO DE TLALNEPANTLA DE BAZ, EDO. DE MEX, CP 54150",19.532159,-99.1727746
0,5,0,Nutrisa,AV. GUSTAVO BAZ # S/N COL. CENTRO INSUSTRIAL CP. 54030 DEL. O MPIO. TLANEPANTLA,19.5373142,-99.2080629
0,5,1,WALMART EXPRESS,AV. HIDALGO S/N # S/N COL. INDUSTRIAL TLAXCOLPAN CP. 54030 DEL. O MPIO. TLALNEPANTLA,19.5531212,-99.1938285
0,5,2,CHED SELECTO,"Sumesa CALZ.DE LOS JINETES 155,  ARBOLEDAS. XX   C.P. 51150   ATIZAPAN DE ZARAGOZA,   ESTADO DE MEXICO",19.5595185,-99.2200806
0,5,3,SUPERCENTER,Superama VIA GUSTAVO BAZ # 244,19.497124,-99.2259953
0,5,4,WALMART EXPRESS,Superama AV LOMAS VERDES # 545,19.5070175,-99.2602396
0,5,5,WALMART EXPRESS,Superama VIA DR JIMENEZ CANTU LT C,19.558278,-99.296165
0,6,0,Farmacia del Ahorro,AZTECAS AZCAPOTZALCO,19.5079892,-99.2016857
0,6,1,WALMART EXPRESS,CIRC. CENTRO COMERCIAL # 2251 COL. CD. SATÉLITE CP. 53100 DEL. O MPIO. NAUCALPAN DE JUÁREZ,19.5000564,-99.2322722
0,6,2,SUMESA,Supercenter SUPER CARR LOMAS VERDES # 1200,19.5104272,-99.2556931
0,6,3,CHED SELECTO,CHED SELECTO  SUPER CHEDRAUI SELECTO ATIZAPAN 11-22,19.5562275,-99.2674713
0,6,4,Nutrisa,AV. RUÍZ CORTINES # 255 MZ 2 LT 1 COL. LAS MARGARITAS CP. 52977 DEL. O MPIO. ATIZAPÁN DE ZARAGOZA,19.5577699,-99.2504104
0,6,5,CITY MARKET,"La Comer ATENAS #6 ESQ.BLVD. DE LOS CONTINENTES FRACC VALLE DORADO.POR GUSTAVO  XX   C.P. 54020   TLALNEPANTLA DE BAZ,   ESTADO DE MEXICO",19.5506987,-99.2141984
0,7,0,WALMART EXPRESS,CIRCUITO CENTRO COMERCIAL # 2251 COL. CIUDAD SATELITE CP. 53100 DEL. O MPIO. NAUCALPAN DE JUÁREZ,19.5103999,-99.2338814
0,7,1,Farmacia del Ahorro,CIRCUITO ECONOMISTAS NAUCALPAN DE JUAREZ,19.5051925,-99.24285
0,7,2,WALMART EXPRESS,CIRC. CENTRO COMERCIAL # 2251 COL. CD. SATÉLITE CP. 53100 DEL. O MPIO. NAUCALPAN DE JUÁREZ,19.5000564,-99.2322722
0,7,3,WALMART EXPRESS,Superama AV LOMAS VERDES # 545,19.5070175,-99.2602396
0,7,4,FRESKO,"La Comer CALLE SIN NOMBRE MZ 5 LT 1 FRACC RANCHOS DE LA ESTADIA ATIZAPAN DE ZAR XX   C.P. 52973   ATIZAPAN DE ZARAGOZA,   ESTADO DE MEXICO",19.5354335,-99.2993504
0,7,5,CITY MARKET,"La Comer ATENAS #6 ESQ.BLVD. DE LOS CONTINENTES FRACC VALLE DORADO.POR GUSTAVO  XX   C.P. 54020   TLALNEPANTLA DE BAZ,   ESTADO DE MEXICO",19.5506987,-99.2141984
0,8,0,Nutrisa,Nutrisa TOWN CENTER EL ROSARIO,19.5026324,-99.2030131
0,8,1,WALMART EXPRESS,BLVD. ÁVILA CAMACHO # 1007 COL. SAN LUCAS TEPETLACALCO CP. 54055 DEL. O MPIO. TLANEPANTLA,19.526593,-99.2283868
0,8,2,CHED SELECTO,064 TLALNEPANTLA CHEDRAUI MEXICO MUNDO E 04-05,19.5252185,-99.2300509
0,8,3,WALMART EXPRESS,Superama VIA DR JIMENEZ CANTU LT C,19.558278,-99.296165
0,8,4,WALMART EXPRESS,Superama VIA DR JIMENEZ CANTU LT C,19.558278,-99.296165
0,8,5,SUPERCENTER,Supercenter AVE LUIS ESPINOSA # 160,19.5311614,-99.1561665
0,9,0,Nutrisa,BOULEVARD ADOLFO LÓPEZ MATEOS # 100 COL. FRACCIONAMIENTO LAS ALAMEDAS CP. 52970 DEL. O MPIO. ATIZAPÁN DE ZARAGOZA,19.5516036,-99.2418385
0,9,1,CITY MARKET,"Fresko CIRCUITO CIRCUNVALACION PTE #146 ZONA AZUL, CIUDAD SATELITE XX   C.P. 53100   NAUCALPAN DE JUAREZ,   ESTADO DE MEXICO",19.5040741,-99.2494125
0,9,2,WALMART EXPRESS,Superama CMNO A SN MATEO # 20,19.4910037,-99.2501441
0,9,3,SUPERCENTER,Superama VIA GUSTAVO BAZ # 244,19.497124,-99.2259953
0,9,4,Nutrisa,AV. SAN ESTEBAN # 46 COL. SAN ESTEBAN HIUTZILACASCO CP. 53550 DEL. O MPIO. NAUCALPAN DE JUÁREZ,19.4587054,-99.2337001
0,9,5,SUPERCENTER,Supercenter AVE LUIS ESPINOSA # 160,19.5311614,-99.1561665
0,10,0,Nutrisa,Nutrisa PLAZA TLALNEPANTLA 2DO PISO,19.5381343,-99.2067599
0,10,1,CITY MARKET,"La Comer ATENAS #6 ESQ.BLVD. DE LOS CONTINENTES FRACC VALLE DORADO.POR GUSTAVO  XX   C.P. 54020   TLALNEPANTLA DE BAZ,   ESTADO DE MEXICO",19.5506987,-99.2141984
0,10,2,Farmacia del Ahorro,AZTECAS AZCAPOTZALCO,19.5079892,-99.2016857
0,10,3,Nutrisa,AV. EL ROSARIO # 1025 COL. EL ROSARIO CP. 2100 DEL. O MPIO. AZCAPOTZALCO,19.5035873,-99.2037662
0,10,4,SUMESA,Supercenter SUPER CARR LOMAS VERDES # 1200,19.5104272,-99.2556931
0,10,5,WALMART EXPRESS,Superama AV LOMAS VERDES # 545,19.5070175,-99.2602396
0,11,0,FRESKO,"La Comer CALLE SIN NOMBRE MZ 5 LT 1 FRACC RANCHOS DE LA ESTADIA ATIZAPAN DE ZAR XX   C.P. 52973   ATIZAPAN DE ZARAGOZA,   ESTADO DE MEXICO",19.5354335,-99.2993504
0,11,1,SUPERCENTER,Supercenter PASEO DE LAS PALOMAS # 25,19.5526956,-99.2475985
0,11,2,WALMART EXPRESS,BLVD. ÁVILA CAMACHO # 1007 COL. SAN LUCAS TEPETLACALCO CP. 54055 DEL. O MPIO. TLANEPANTLA,19.526593,-99.2283868
0,11,3,SUPERCENTER,Superama VIA GUSTAVO BAZ # 244,19.497124,-99.2259953
0,11,4,WALMART EXPRESS,AV. INGENIEROS MILITARES # 70 COL. PARQUE INDUSTRIAL CP. 11230 DEL. O MPIO. NAUCALPAN DE JUÁREZ,19.4642193,-99.2390696
0,11,5,WALMART EXPRESS,AV. HIDALGO S/N # S/N COL. INDUSTRIAL TLAXCOLPAN CP. 54030 DEL. O MPIO. TLALNEPANTLA,19.5531212,-99.1938285
0,12,0,WALMART EXPRESS,CIRCUITO CENTRO COMERCIAL # 2251 COL. CIUDAD SATELITE CP. 53100 DEL. O MPIO. NAUCALPAN DE JUÁREZ,19.5103999,-99.2338814
0,12,1,Farmacia del Ahorro,CIRCUITO CIRUJANOS NAUCALPAN DE JUAREZ,19.5121176,-99.231142
0,12,2,CHED SELECTO,"Sumesa CALZ.DE LOS JINETES 155,  ARBOLEDAS. XX   C.P. 51150   ATIZAPAN DE ZARAGOZA,   ESTADO DE MEXICO",19.5595185,-99.2200806
0,12,3,LA COMER,"Sumesa CALZ.DE LOS JINETES 155,  ARBOLEDAS. XX   C.P. 51150   ATIZAPAN DE ZARAGOZA,   ESTADO DE MEXICO",19.5595185,-99.2200806
0,12,4,SUPERCENTER,Supercenter AVE LUIS ESPINOSA # 160,19.5311614,-99.1561665
0,12,5,FRESKO,"La Comer CALLE SIN NOMBRE MZ 5 LT 1 FRACC RANCHOS DE LA ESTADIA ATIZAPAN DE ZAR XX   C.P. 52973   ATIZAPAN DE ZARAGOZA,   ESTADO DE MEXICO",19.5354335,-99.2993504
0,13,0,Nutrisa,"VÍA GUSTAVO BAZ, MARÍO COLÍN ESQ. CON SOR JUANA INES DE LA CRUZ # 280 COL. SAN LORENZO INDUSTRIAL CP. 54033 DEL. O MPIO. TLANEPANTLA",19.5387332,-99.2059271
0,13,1,SUPERCENTER,Supercenter PASEO DE LAS PALOMAS # 25,19.5526956,-99.2475985
0,13,2,Farmacia del Ahorro,AV JUAREZ ATIZAPAN DE ZARAGOZA,19.5594855,-99.2453971
0,13,3,CITY MARKET,"Fresko CIRCUITO CIRCUNVALACION PTE #146 ZONA AZUL, CIUDAD SATELITE XX   C.P. 53100   NAUCALPAN DE JUAREZ,   ESTADO DE MEXICO",19.5040741,-99.2494125
0,13,4,FRESKO,"La Comer mIGUEL AVILA CAMACHO 3228 XX   C.P. 53100   NAUCALPAN DE JUAREZ,   ESTADO DE MEXICO",19.4978657,-99.237931
0,13,5,Farmacia del Ahorro,AV 1 DE MAYO NAUCALPAN DE JUAREZ,19.4657011,-99.2323444
0,14,0,WALMART EXPRESS,Superama CMNO A SN MATEO # 20,19.4910037,-99.2501441
0,14,1,WALMART EXPRESS,Superama AV LOMAS VERDES # 545,19.5070175,-99.2602396
0,14,2,SUMESA,Supercenter SUPER CARR LOMAS VERDES # 1200,19.5104272,-99.2556931
0,14,3,WALMART EXPRESS,Superama FUENTES DE SATELITE # 1,19.5227001,-99.2605428
0,14,4,CHED SELECTO,CHED SELECTO  SUPER CHEDRAUI SELECTO ATIZAPAN 11-22,19.5562275,-99.2674713
0,14,5,CHED SELECTO,"Sumesa CALZ.DE LOS JINETES 155,  ARBOLEDAS. XX   C.P. 51150   ATIZAPAN DE ZARAGOZA,   ESTADO DE MEXICO",19.5595185,-99.2200806
0,15,0,Farmacia del Ahorro,AV JUAREZ ATIZAPAN DE ZARAGOZA,19.5594855,-99.2453971
0,15,1,CHED SELECTO,CHED SELECTO  SUPER CHEDRAUI SELECTO ATIZAPAN 11-22,19.5562275,-99.2674713
0,15,2,WALMART EXPRESS,Superama FUENTES DE SATELITE # 1,19.5227001,-99.2605428
0,15,3,WALMART EXPRESS,CIRCUITO CENTRO COMERCIAL # 2251 COL. CIUDAD SATELITE CP. 53100 DEL. O MPIO. NAUCALPAN DE JUÁREZ,19.5103999,-99.2338814
0,15,4,WALMART EXPRESS,Superama CMNO A SN MATEO # 20,19.4910037,-99.2501441
0,15,5,WALMART EXPRESS,AV. HIDALGO S/N # S/N COL. INDUSTRIAL TLAXCOLPAN CP. 54030 DEL. O MPIO. TLALNEPANTLA,19.5531212,-99.1938285
0,16,0,Farmacia del Ahorro,AV 1 DE MAYO NAUCALPAN DE JUAREZ,19.4657011,-99.2323444
0,16,1,Farmacia del Ahorro,CIRCUITO ECONOMISTAS NAUCALPAN DE JUAREZ,19.5051925,-99.24285
0,16,2,SUMESA,Supercenter SUPER CARR LOMAS VERDES # 1200,19.5104272,-99.2556931
0,16,3,CHED SELECTO,CHED SELECTO  SUPER CHEDRAUI SELECTO ATIZAPAN 11-22,19.5562275,-99.2674713
0,16,4,WALMART EXPRESS,Superama VIA DR JIMENEZ CANTU LT C,19.558278,-99.296165
0,16,5,CHED SELECTO,"Sumesa CALZ.DE LOS JINETES 155,  ARBOLEDAS. XX   C.P. 51150   ATIZAPAN DE ZARAGOZA,   ESTADO DE MEXICO",19.5595185,-99.2200806
0,17,0,Nutrisa,Nutrisa PARQUE TOREO,19.4548361,-99.2183338
0,17,1,Nutrisa,AV. LOMAS VERDES LOTE 21 # 1200 COL. LOMAS VERDES 5TA SECCION CP. 53126 DEL. O MPIO. NAUCALPAN DE JUÁREZ,19.50592,-99.25144
0,17,2,CHED SELECTO,064 TLALNEPANTLA CHEDRAUI MEXICO MUNDO E 04-05,19.5252185,-99.2300509
0,17,3,SUPERCENTER,Supercenter PASEO DE LAS PALOMAS # 25,19.5526956,-99.2475985
0,17,4,LA COMER,"Sumesa CALZ.DE LOS JINETES 155,  ARBOLEDAS. XX   C.P. 51150   ATIZAPAN DE ZARAGOZA,   ESTADO DE MEXICO",19.5595185,-99.2200806
0,17,5,LA COMER,"Sumesa CALZ.DE LOS JINETES 155,  ARBOLEDAS. XX   C.P. 51150   ATIZAPAN DE ZARAGOZA,   ESTADO DE MEXICO",19.5595185,-99.2200806
0,18,0,FRESKO,"La Comer mIGUEL AVILA CAMACHO 3228 XX   C.P. 53100   NAUCALPAN DE JUAREZ,   ESTADO DE MEXICO",19.4978657,-99.237931
0,18,1,WALMART EXPRESS,CIRC. CENTRO COMERCIAL # 2251 COL. CD. SATÉLITE CP. 53100 DEL. O MPIO. NAUCALPAN DE JUÁREZ,19.5000564,-99.2322722
0,18,2,CHED SELECTO,064 TLALNEPANTLA CHEDRAUI MEXICO MUNDO E 04-05,19.5252185,-99.2300509
0,18,3,Nutrisa,BLVD. ÁVILA CAMACHO # 1007 COL. SAN LUCAS TEPETLACALCO CP. 54050 DEL. O MPIO. TLANEPANTLA,19.525216,-99.2267312
0,19,0,WALMART EXPRESS,Superama AV CONTRERAS # 386,19.3213415,-99.2218556
0,19,1,SUPERCENTER,Superama BLVD PICACHO AJUSCO # 8,19.3024453,-99.2067979
0,19,2,SUPERCENTER,Supercenter CALZ DE LAS AGUILAS # 820,19.3528526,-99.2153484
0,19,3,SUPERCENTER,Superama AV REVOLUCION # 1151,19.3649804,-99.1895317
0,19,4,WALMART EXPRESS,CALZADA DEL HUESO # 670 COL. FRACCIONAMIENTO LOS ROBLES CP. 4940 DEL. O MPIO. COYOACÁN,19.3437444,-99.1561883
0,19,5,SUPERCENTER,Superama CALZ ACOXPA # 436 B,19.2976923,-99.1372521
0,20,0,SUPERCENTER,Supercenter INSURGENTES SUR # 4177,19.2840103,-99.1758052
0,20,1,WALMART EXPRESS,AV. SAN JERÓNIMO # 630 COL. LA OTRA BANDA CP. 10200 DEL. O MPIO. ALVARO OBREGÓN,19.3262082,-99.2114565
0,20,2,WALMART EXPRESS,ALTAMIRANO # 46 COL. TIZAPAN DE SAN ANGEL CP. 1090 DEL. O MPIO. ALVARO OBREGÓN,19.3391339,-99.1934976
0,20,3,WALMART EXPRESS,CALZADA DEL HUESO # 670 COL. FRACCIONAMIENTO LOS ROBLES CP. 4940 DEL. O MPIO. COYOACÁN,19.3437444,-99.1561883
0,20,4,SUPERCENTER,Superama EJE 7 FELIX CUEVAS # 374,19.3730258,-99.1728738
0,20,5,SUPERCENTER,Superama AV RIO CHURUBUSCO # 583,19.368579,-99.121275
0,21,0,Farmacia del Ahorro,CANAL DE MIRAMONTES COYOACAN,19.3240185,-99.1349589
0,21,1,Farmacia del Ahorro,AV. CANAL DE MIRAMONTES COYOACAN,19.3240185,-99.1349589
0,21,2,CHED SELECTO,"Sumesa AV.CENTENARIO #227 COL.DEL CARMEN COYOACAN DELEG. COYOACAN. XX   C.P. 04100   CENTRO,   CIUDAD DE MEXICO",19.3502583,-99.1622585
0,21,3,Nutrisa,AV. UNIVERSIDAD # 1778 COL. ROMERO DE TERRENOS CP. 4360 DEL. O MPIO. COYOACÁN,19.3455693,-99.1794298
0,21,4,CITY MARKET,"La Comer AV.LAS TORRES#446 COL.OLIVAR DE LOS PADRES XX   C.P. 01780   CENTRO,   CIUDAD DE MEXICO",19.3346001,-99.2267744
0,21,5,Farmacia del Ahorro,TLALPAN TLALPAN,19.2777349,-99.1644701
0,22,0,CHED SELECTO,008 CIUDAD DE MEXICO CHEDRAUI MEXICO PLAZA AMERICAS 07-12,19.3129837,-99.1356244
0,22,1,Farmacia del Ahorro,CALZ. TAXQUEÑA COYOACAN,19.3390354,-99.1279828
0,22,2,CHED SELECTO,"Sumesa AV.CENTENARIO #227 COL.DEL CARMEN COYOACAN DELEG. COYOACAN. XX   C.P. 04100   CENTRO,   CIUDAD DE MEXICO",19.3502583,-99.1622585
0,22,3,SUPERCENTER,Superama AV REVOLUCION # 1151,19.3649804,-99.1895317
0,22,4,Farmacia del Ahorro,LOMAS DE PLATEROS ALVARO OBREGON,19.3674239,-99.2002892
0,22,5,Farmacia del Ahorro,ANILLO PERIFERICO SUR COYOACAN,19.3032507,-99.1796035
0,23,0,Nutrisa,Nutrisa PORTAL SAN ANGEL,19.3609182,-99.1901108
0,23,1,WALMART EXPRESS,AV. SAN JERÓNIMO # 630 COL. LA OTRA BANDA CP. 10200 DEL. O MPIO. ALVARO OBREGÓN,19.3262082,-99.2114565
0,23,2,WALMART EXPRESS,CARR. PICACHO AJUSCO # 175 COL. HÉROES DE PADIERNA CP. 14200 DEL. O MPIO. TLALPAN,19.2871707,-99.2184909
0,23,3,Farmacia del Ahorro,INSURGENTES SUR TLALPAN,19.2921463,-99.1762967
0,23,4,Farmacia del Ahorro,AV. CANAL DE MIRAMONTES COYOACAN,19.3240185,-99.1349589
0,23,5,SUPERCENTER,Superama AV RIO CHURUBUSCO # 583,19.368579,-99.121275
1,0,0,FRESKO,"La Comer MIGUEL ANGEL DE QUEVEDO NO 443 ROMERO DE TERREROS  CIUDAD DE MEXICO XX   C.P. 04310   CENTRO,   CIUDAD DE MEXICO",19.3451402,-99.1718753
1,0,1,Farmacia del Ahorro,CALZ. TAXQUEÑA COYOACAN,19.3390354,-99.1279828
1,0,2,Farmacia del Ahorro,TRABAJADORES SOCIALES IZTAPALAPA,19.3735369,-99.1122378
1,0,3,Nutrisa,CALLE CAÑAVERALES # 222 COL. GRANJAS COAPA CP. 14330 DEL. O MPIO. XOCHIMILCO,19.2958723,-99.11118
1,0,4,SUPERCENTER,Superama CALZ ACOXPA # 436 B,19.2976923,-99.1372521
1,0,5,SUPERCENTER,Superama INSURGENTES SUR 4120,19.2820438,-99.1732746
1,1,0,SUPERCENTER,Superama EJE 7 FELIX CUEVAS # 374,19.3730258,-99.1728738
1,1,1,SUPERCENTER,Supercenter AV UNIVERSIDAD # 936 A,19.3686975,-99.1641264
1,1,2,Farmacia del Ahorro,AV. MEXICO COYOACAN BENITO JUAREZ,19.364928,-99.1630182
1,1,3,SUPERCENTER,Superama CALZ TAXQUENA 1752,19.3391982,-99.1265836
1,1,4,SUPERCENTER,Superama CALZ ACOXPA # 436 B,19.2976923,-99.1372521
1,1,5,Farmacia del Ahorro,BELISARIO DOMINGUEZ COYOACAN,19.293493,-99.1807855
1,2,0,SUPERCENTER,Supercenter CALZ DE TLALPAN # 1037,19.380356,-99.1411184
1,2,1,SUPERCENTER,Superama CALZ TAXQUENA 1752,19.3391982,-99.1265836
1,2,2,SUPERCENTER,Supercenter AVE CANAL DE MIRAMONTES # 3520,19.2936435,-99.1252539
1,2,3,Farmacia del Ahorro,PLAN SEXENAL XOCHIMILCO,19.2765212,-99.1208119
1,2,4,Farmacia del Ahorro,EJE 10 SUR-AV. PEDRO ENRIQUEZ UREÑA COYOACAN,19.3360581,-99.1761802
1,2,5,Farmacia del Ahorro,MIGUEL ANGEL DE QUEVEDO COYOACAN,19.3447384,-99.1812133
1,3,0,Nutrisa,AV. POPOCATEPETL # 546 COL. XOCO CP. 3340 DEL. O MPIO. BENITO JUÁREZ,19.362511,-99.1663731
1,3,1,CHEDRAUI,"City Market AV COYOACAN NO 1061 COLONIA DEL VALLE DELEG BENITO JUAREZ  CIUDAD DE M XX   C.P. 03100   BENITO JUAREZ,   CIUDAD DE MEXICO",19.3789808,-99.1696169
1,3,2,Farmacia del Ahorro,CALZADA DE LOS LEONES ALVARO OBREGON,19.3597984,-99.1975888
1,3,3,SUPERCENTER,Supercenter CALZ DE LAS AGUILAS # 820,19.3528526,-99.2153484
1,3,4,WALMART EXPRESS,AV. SAN FERNANDO # 649 COL. PEÑA POBRE CP. 14060 DEL. O MPIO. COYOACÁN,19.2981371,-99.1815197
1,3,5,Farmacia del Ahorro,AV. SANTA URSULA COYOACAN,19.309864,-99.1557078
1,4,0,WALMART EXPRESS,Superama AVE DIVISION DEL NTE # 3651,19.3398779,-99.1479651
1,4,1,SUPERCENTER,Superama CALZ TAXQUENA 1752,19.3391982,-99.1265836
1,4,2,Farmacia del Ahorro,CALZADA ERMITA IZTAPALAPA COYOACAN,19.3577129,-99.1210849
1,4,3,SUPERCENTER,Superama P ROMERO DE TERREROS # 1461,19.341471,-99.1746778
1,4,4,SUPERCENTER,Superama P ROMERO DE TERREROS # 1461,19.341471,-99.1746778
1,4,5,Farmacia del Ahorro,AV TOLUCA ALVARO OBREGON,19.3382038,-99.2210097
1,5,0,Farmacia del Ahorro,AVENIDA UNIVERSIDAD BENITO JUAREZ,19.3670043,-99.1672531
1,5,1,Farmacia del Ahorro,DIVISION DEL NORTE BENITO JUAREZ,19.37918,-99.15948
1,5,2,LA COMER,"Sumesa AV.CENTENARIO #227 COL.DEL CARMEN COYOACAN DELEG. COYOACAN. XX   C.P. 04100   CENTRO,   CIUDAD DE MEXICO",19.3502583,-99.1622585
1,5,3,Farmacia del Ahorro,SAN BOSCO TLALPAN,19.2971646,-99.1485004
1,5,4,SUPERCENTER,Supercenter AVE CANAL DE MIRAMONTES # 3520,19.2936435,-99.1252539
1,5,5,Farmacia del Ahorro,TLALPAN TLALPAN,19.2777349,-99.1644701
1,6,0,Farmacia del Ahorro,DIVISION DEL NORTE BENITO JUAREZ,19.37918,-99.15948
1,6,1,Farmacia del Ahorro,MIGUEL ANGEL DE QUEVEDO COYOACAN,19.3447384,-99.1812133
1,6,2,WALMART EXPRESS,Superama AVE DIVISION DEL NTE # 3651,19.3398779,-99.1479651
1,6,3,CHED SELECTO,008 CIUDAD DE MEXICO CHEDRAUI MEXICO PLAZA AMERICAS 07-12,19.3129837,-99.1356244
1,6,4,Nutrisa,Nutrisa GRAN TERRAZA COAPA,19.2941989,-99.127573
1,6,5,Farmacia del Ahorro,HEROES DE PADIERNA LA MAGDALENA CONTRERAS,19.3146843,-99.2238312
1,7,0,Farmacia del Ahorro,MATIAS ROMERO BENITO JUAREZ,19.3791493,-99.1604545
1,7,1,SUPER CHEDRAUI,"Fresko AV. MIGUEL ANGEL DE QUEVEDO NO. 1144 COL. PARQUE SAN ANDRES XX   C.P. 04040   COYOACAN,   CIUDAD DE MEXICO",19.3425867,-99.1465772
1,7,2,WALMART EXPRESS,Superama AVE DIVISION DEL NTE # 3651,19.3398779,-99.1479651
1,7,3,Farmacia del Ahorro,CERRO JUVENCIA COYOACAN,19.3421676,-99.1365776
1,7,4,Farmacia del Ahorro,DIV. DEL NORTE COYOACAN,19.3285302,-99.1425043
1,7,5,LA COMER,"Sumesa COMUNAL #7 ESQ. AV. REVOLUCION COL. SAN ANGEL DELEG. ALVARO OBREGON. XX   C.P. 01000   CENTRO,   CIUDAD DE MEXICO",19.3462906,-99.1900051
1,8,0,WALMART EXPRESS,CALZ. DEL HUESO # 519 COL. RESIDENCIAL ACOXPA CP. 14300 DEL. O MPIO. COYOACÁN,19.3026292,-99.1233066
1,8,1,Farmacia del Ahorro,GANADEROS IZTAPALAPA,19.3499959,-99.1129453
1,8,2,Farmacia del Ahorro,GABRIEL MANCERA BENITO JUAREZ,19.382338,-99.1652415
1,8,3,CHEDRAUI,"City Market AV COYOACAN NO 1061 COLONIA DEL VALLE DELEG BENITO JUAREZ  CIUDAD DE M XX   C.P. 03100   BENITO JUAREZ,   CIUDAD DE MEXICO",19.3789808,-99.1696169
1,8,4,WALMART EXPRESS,ALTAMIRANO # 46 COL. TIZAPAN DE SAN ANGEL CP. 1090 DEL. O MPIO. ALVARO OBREGÓN,19.3391339,-99.1934976
1,8,5,SUPERCENTER,Superama INSURGENTES SUR 4120,19.2820438,-99.1732746
1,9,0,Farmacia del Ahorro,AV. COYOACAN BENITO JUAREZ,19.3793293,-99.1690698
1,9,1,Farmacia del Ahorro,AV. REVOLUCION ALVARO OBREGON,19.3692081,-99.1885131
1,9,2,Farmacia del Ahorro,AV. INSURGENTES ALVARO OBREGON,19.3417227,-99.1895966
1,9,3,WALMART EXPRESS,Superama AVE PERIF SUR # 5270,19.3034579,-99.1723665
1,9,4,FRESKO,"La Comer PLAZUELA  FAMA NO.1 COL LA FAMA. XX   C.P. 14410   CENTRO,   CIUDAD DE MEXICO",19.2889113,-99.17922
1,9,5,CHED SELECTO,008 CIUDAD DE MEXICO CHEDRAUI MEXICO XOCHIMILCO 12-13,19.2572314,-99.1029664
1,10,0,FRESKO,"La Comer PLAZUELA  FAMA NO.1 COL LA FAMA. XX   C.P. 14410   CENTRO,   CIUDAD DE MEXICO",19.2889113,-99.17922
1,10,1,Farmacia del Ahorro,AV. PROLONGACION DIVISION DEL NORTE TLALPAN,19.2793651,-99.1230282
1,10,2,Farmacia del Ahorro,CERRO JUVENCIA COYOACAN,19.3421676,-99.1365776
1,10,3,Farmacia del Ahorro,MADRID COYOACAN,19.3437444,-99.1561883
1,10,4,WALMART EXPRESS,AV. UNIVERSIDAD # 1000 COL. SANTA CRUZ ATOYAC CP. 3310 DEL. O MPIO. BENITO JUÁREZ,19.3670932,-99.1659742
1,10,5,SUPERCENTER,Superama CALZ DE LOS LEONES 242,19.3577363,-99.197996
1,11,0,SUPERCENTER,Superama MAYORAZGO 130,19.3589842,-99.1674276
1,11,1,CHED SELECTO,"Sumesa AV.CENTENARIO #227 COL.DEL CARMEN COYOACAN DELEG. COYOACAN. XX   C.P. 04100   CENTRO,   CIUDAD DE MEXICO",19.3502583,-99.1622585
1,11,2,SUPERCENTER,Superama CALZ DE LOS LEONES 242,19.3577363,-99.197996
1,11,3,WALMART EXPRESS,Superama AV TOLUCA # 511,19.3395079,-99.2188982
1,11,4,SUPERCENTER,Supercenter INSURGENTES SUR # 4177,19.2840103,-99.1758052
1,11,5,Farmacia del Ahorro,CALZ. DE TLALPAN TLALPAN,19.2959042,-99.154345
1,12,0,WALMART EXPRESS,AV. UNIVERSIDAD # 1894 COL. OXTOPULCO UNIVERSIDAD CP. 4350 DEL. O MPIO. ALVARO OBREGÓN,19.341832,-99.181451
1,12,1,SUPERCENTER,Superama P ROMERO DE TERREROS # 1461,19.341471,-99.1746778
1,12,2,SUPERCENTER,Superama MAYORAZGO 130,19.3589842,-99.1674276
1,12,3,WALMART EXPRESS,Superama AVE PERIF SUR # 5270,19.3034579,-99.1723665
1,12,4,SUPERCENTER,Supercenter AV CENTRO COMERCIAL # 190,19.3064068,-99.1873094
1,12,5,SUPERCENTER,Superama CALZ ACOXPA # 436 B,19.2976923,-99.1372521
1,13,0,Nutrisa,AV. REVOLUCIÓN # 1267 # 1267 COL. LOS ALPES CP. 1040 DEL. O MPIO. ALVARO OBREGÓN,19.3610905,-99.1897619
1,13,1,BODEGA AURRERA,Supercenter AV COPILCO # 164,19.3382654,-99.1842526
1,13,2,Farmacia del Ahorro,RIO MAGDALENA ALVARO OBREGON,19.337654,-99.1963637
1,13,3,FRESKO,"La Comer MIGUEL ANGEL DE QUEVEDO NO 443 ROMERO DE TERREROS  CIUDAD DE MEXICO XX   C.P. 04310   CENTRO,   CIUDAD DE MEXICO",19.3451402,-99.1718753
1,13,4,CHED SELECTO,008 CIUDAD DE MEXICO CHEDRAUI MEXICO PLAZA AMERICAS 07-12,19.3129837,-99.1356244
1,13,5,WALMART EXPRESS,Superama CALZ DE TLALPAN # 4467,19.2954137,-99.1560986
1,14,0,Farmacia del Ahorro,AV. SANTA URSULA COYOACAN,19.309864,-99.1557078
1,14,1,BODEGA AURRERA,Supercenter AV COPILCO # 164,19.3382654,-99.1842526
1,14,2,LA COMER,"Sumesa COMUNAL #7 ESQ. AV. REVOLUCION COL. SAN ANGEL DELEG. ALVARO OBREGON. XX   C.P. 01000   CENTRO,   CIUDAD DE MEXICO",19.3462906,-99.1900051
1,14,3,FRESKO,"La Comer PERPETUA #35  COL. SAN JOSE INSURGENTES XX   C.P. 03900   BENITO JUAREZ,   CIUDAD DE MEXICO",19.3662814,-99.1816531
1,14,4,Farmacia del Ahorro,CALZ. DE TLALPAN BENITO JUAREZ,19.3793903,-99.140065
1,14,5,CITY MARKET,"La Comer AV.LAS TORRES#446 COL.OLIVAR DE LOS PADRES XX   C.P. 01780   CENTRO,   CIUDAD DE MEXICO",19.3346001,-99.2267744
1,15,0,Farmacia del Ahorro,FELIX CUEVAS BENITO JUAREZ,19.3722067,-99.1718781
1,15,1,Farmacia del Ahorro,AVENIDA UNIVERSIDAD BENITO JUAREZ,19.3670043,-99.1672531
1,15,2,WALMART EXPRESS,AV. UNIVERSIDAD # 1000 COL. SANTA CRUZ ATOYAC CP. 3310 DEL. O MPIO. BENITO JUÁREZ,19.3670932,-99.1659742
1,15,3,SUPERCENTER,Superama HERIBERTO FRIAS # 1107,19.3818281,-99.1625887
1,15,4,WALMART EXPRESS,AV. UNIVERSIDAD # 1894 COL. OXTOPULCO UNIVERSIDAD CP. 4350 DEL. O MPIO. ALVARO OBREGÓN,19.341832,-99.181451
1,15,5,WALMART EXPRESS,Superama AV REVOLUCION # 1817,19.3416616,-99.1913963
1,16,0,WALMART EXPRESS,Superama AV REVOLUCION # 1817,19.3416616,-99.1913963
1,16,1,BODEGA AURRERA,Supercenter AV COPILCO # 164,19.3382654,-99.1842526
1,16,2,Nutrisa,"Av. Real Mayorazgo 130, Col. Xoco, Benito Juárez, CP 03330. CDMX / 2do nivel",19.3608752,-99.1698638
1,16,3,Farmacia del Ahorro,AV UNIVERSIDAD BENITO JUAREZ,19.3670043,-99.1672531
1,16,4,WALMART EXPRESS,Superama AV TOLUCA # 511,19.3395079,-99.2188982
1,16,5,SUPERCENTER,Superama BLVD PICACHO AJUSCO # 8,19.3024453,-99.2067979
1,17,0,Farmacia del Ahorro,PEDRO ENRIQUE UREÑA COYOACAN,19.3353452,-99.1638194
1,17,1,WALMART EXPRESS,CALZADA DEL HUESO # 670 COL. FRACCIONAMIENTO LOS ROBLES CP. 4940 DEL. O MPIO. COYOACÁN,19.3437444,-99.1561883
1,17,2,Nutrisa,Nutrisa MITIKAH,19.3598702,-99.1686142
1,17,3,Nutrisa,AV. UNIVERSIDAD # 740 COL. SANTA CRUZ ATOYAC CP. 3310 DEL. O MPIO. BENITO JUÁREZ,19.3732069,-99.1623941
1,17,4,WALMART EXPRESS,AV. SAN JERÓNIMO # 630 COL. LA OTRA BANDA CP. 10200 DEL. O MPIO. ALVARO OBREGÓN,19.3262082,-99.2114565
1,17,5,WALMART EXPRESS,CALZ. DEL HUESO # 519 COL. RESIDENCIAL ACOXPA CP. 14300 DEL. O MPIO. COYOACÁN,19.3026292,-99.1233066
1,18,0,WALMART EXPRESS,CARR. PICACHO AJUSCO # 175 COL. HÉROES DE PADIERNA CP. 14200 DEL. O MPIO. TLALPAN,19.2871707,-99.2184909
1,18,1,WALMART EXPRESS,Superama AV CONTRERAS # 386,19.3213415,-99.2218556
1,18,2,SUPERCENTER,Superama AV REVOLUCION # 1151,19.3649804,-99.1895317
1,18,3,Farmacia del Ahorro,GABRIEL MANCERA BENITO JUAREZ,19.382338,-99.1652415
1,18,4,SUPERCENTER,Superama AVE COYOACAN # 116,19.3437444,-99.1561883
1,18,5,Nutrisa,Nutrisa GRAN PATIO TLALPAN,19.284099,-99.176012
1,19,0,LA COMER,"Sumesa AV.CENTENARIO #227 COL.DEL CARMEN COYOACAN DELEG. COYOACAN. XX   C.P. 04100   CENTRO,   CIUDAD DE MEXICO",19.3502583,-99.1622585
1,19,1,LA COMER,"Sumesa AV.CENTENARIO #227 COL.DEL CARMEN COYOACAN DELEG. COYOACAN. XX   C.P. 04100   CENTRO,   CIUDAD DE MEXICO",19.3502583,-99.1622585
1,19,2,SUPERCENTER,Superama AVE COYOACAN # 116,19.3437444,-99.1561883
1,19,3,Farmacia del Ahorro,CALZADA DE LOS LEONES ALVARO OBREGON,19.3597984,-99.1975888
1,19,4,WALMART EXPRESS,PERIFÉRICO SUR # 4690 COL. JARDINES DEL PEDREGAL DE SAN ANGEL CP. 4500 DEL. O MPIO. COYOACÁN,19.3045316,-99.1911815
1,19,5,FRESKO,"La Comer PLAZUELA  FAMA NO.1 COL LA FAMA. XX   C.P. 14410   CENTRO,   CIUDAD DE MEXICO",19.2889113,-99.17922
1,20,0,WALMART EXPRESS,PERIFÉRICO SUR # 4690 COL. JARDINES DEL PEDREGAL DE SAN ANGEL CP. 4500 DEL. O MPIO. COYOACÁN,19.3045316,-99.1911815
1,20,1,CHEDRAUI,"City Market AV SAN JERONIMO NO 190 COL LA OTRA BANDA DELEGACION COYOACAN XX   C.P. 04510   SUR,   CIUDAD DE MEXICO",19.3355011,-99.1960415
1,20,2,WALMART EXPRESS,Superama AV REVOLUCION # 1817,19.3416616,-99.1913963
1,20,3,WALMART EXPRESS,Superama AVE DIVISION DEL NTE # 3651,19.3398779,-99.1479651
1,20,4,Farmacia del Ahorro,AVENIDA DIV. DEL NORTE COYOACAN,19.3285302,-99.1425043
1,20,5,Farmacia del Ahorro,CALZ. DE ARENAL XOCHIMILCO,19.2806858,-99.1409494
1,21,0,SUPERCENTER,Superama P ROMERO DE TERREROS # 1461,19.341471,-99.1746778
1,21,1,SUPERCENTER,Supercenter AV UNIVERSIDAD # 936 A,19.3686975,-99.1641264
1,21,2,SUPERCENTER,Supercenter CALZ DE LAS AGUILAS # 820,19.3528526,-99.2153484
1,21,3,WALMART EXPRESS,PERIFÉRICO SUR # 4690 COL. JARDINES DEL PEDREGAL DE SAN ANGEL CP. 4500 DEL. O MPIO. COYOACÁN,19.3045316,-99.1911815
1,21,4,Farmacia del Ahorro,CALZADA DE ACOXPA TLALPAN,19.2955124,-99.1319603
1,21,5,Farmacia del Ahorro,AV. SANTA ANA COYOACAN,19.329123,-99.1212867
1,22,0,SUPERCENTER,Superama AV RIO CHURUBUSCO # 583,19.368579,-99.121275
1,22,1,SUPERCENTER,Superama AV RIO CHURUBUSCO # 583,19.368579,-99.121275
1,22,2,SUPERCENTER,Supercenter CALZ DE TLALPAN # 1037,19.380356,-99.1411184
1,22,3,WALMART EXPRESS,AV. SAN FERNANDO # 649 COL. PEÑA POBRE CP. 14060 DEL. O MPIO. COYOACÁN,19.2981371,-99.1815197
1,22,4,FRESKO,"La Comer PLAZUELA  FAMA NO.1 COL LA FAMA. XX   C.P. 14410   CENTRO,   CIUDAD DE MEXICO",19.2889113,-99.17922
1,22,5,SUPERCENTER,Superama INSURGENTES SUR 4120,19.2820438,-99.1732746
1,23,0,Farmacia del Ahorro,INSURGENTES SUR TLALPAN,19.2921463,-99.1762967
1,23,1,Farmacia del Ahorro,ANILLO PERIFERICO SUR COYOACAN,19.3032507,-99.1796035
1,23,2,Farmacia del Ahorro,AV. CANAL DE MIRAMONTES TLALPAN,19.2711339,-99.1916322
1,23,3,WALMART EXPRESS,ALTAMIRANO # 46 COL. TIZAPAN DE SAN ANGEL CP. 1090 DEL. O MPIO. ALVARO OBREGÓN,19.3391339,-99.1934976
1,23,4,Farmacia del Ahorro,LOMAS DE PLATEROS ALVARO OBREGON,19.3674239,-99.2002892
1,23,5,SUPERCENTER,Superama EJE 7 FELIX CUEVAS # 374,19.3730258,-99.1728738
2,0,0,Nutrisa,CARRETERA ZUMPANGO-LOS REYES # 2000 COL. BUENAVISTA CP. 55635 DEL. O MPIO. ZUMPANGO,19.78219,-99.02709
2,0,1,Farmacia del Ahorro,AV SANTA CRUZ TECAMAC,19.7733948,-98.9857333
2,0,2,WALMART EXPRESS,CARRETERA MÉXICO-TEXCOCO # 14 COL. RANCHERÍA ATLAUTENCO CP. 55065 DEL. O MPIO. ECATEPEC,19.681668,-98.9887223
2,0,3,CITY MARKET,"La Comer AV PRADOS Y PRADERAS S/N SN PABLO DE LAS SALINAS XX   C.P. 54930   TULTITLAN,   ESTADO DE MEXICO",19.6712844,-99.0912127
2,0,4,SUPERCENTER,Supercenter VIA JOSE LOPEZ PORTILLO # 101,19.6368846,-99.0974126
2,0,5,Nutrisa,"VÍA JOSÉ LOPEZ PORTILLO NO. 220 L-9I Y L-9J, COL. SAN LORENZO TETLIXTAC, COACALCO DE BERRIOZABAL, ESTADO DE MÉXICO, CP 55714",19.6271211,-99.0819506
2,1,0,Farmacia del Ahorro,VIALIDAD MEXIQUENSE ANTES BOULEVARD DE LA LUZ COACALCO DE BERRIOZABAL,19.6326046,-99.1090105
2,1,1,Nutrisa,"VÍA JOSÉ LÓPEZ PORTILLO NO. 105 L-34, COL. ZACUAUTITLA, COACALCO DE BERRIOZABAL, ESTADO DE MÉXICO, CP 55700.",19.6368142,-99.0965533
2,1,2,CITY MARKET,"La Comer AV PRADOS Y PRADERAS S/N SN PABLO DE LAS SALINAS XX   C.P. 54930   TULTITLAN,   ESTADO DE MEXICO",19.6712844,-99.0912127
2,1,3,WALMART EXPRESS,CARRETERA MÉXICO-TEXCOCO # 14 COL. RANCHERÍA ATLAUTENCO CP. 55065 DEL. O MPIO. ECATEPEC,19.681668,-98.9887223
2,1,4,WALMART EXPRESS,CARRETERA MÉXICO-TEXCOCO # 14 COL. RANCHERÍA ATLAUTENCO CP. 55065 DEL. O MPIO. ECATEPEC,19.681668,-98.9887223
2,1,5,Farmacia del Ahorro,AV MEXICO ECATEPEC DE MORELOS,19.5607983,-99.0368809
2,2,0,SUPERCENTER,Supercenter VIA JOSE LOPEZ PORTILLO # 101,19.6368846,-99.0974126
2,2,1,Nutrisa,Nutrisa PLAZA COACALCO,19.626776,-99.082262
2,2,2,Nutrisa,"AV. BOSQUES DEL ESTADO DE MÉXICO, MZ 1, LT. 1 SECCIÓN 1 , COL. LOS HEROÉS TECAMAC, ESTADO DE MÉXICO, CP 55764",19.6200469,-99.0359727
2,2,3,SUPERCENTER,Supercenter CARR FED MEXICO TEXCOCO KM 30.,19.6145743,-98.9684848
2,2,4,Farmacia del Ahorro,AV CENTRAL ECATEPEC DE MORELOS,19.5279489,-99.03085
2,2,5,Nutrisa,AV. CENTRAL HANG GONZÁLEZ # ESQUINA 1º MAYO COL. JARDINES DE MORELOS CP. 55075 DEL. O MPIO. ECATEPEC,19.5279489,-99.03085
2,3,0,Farmacia del Ahorro,AV MEXICO ECATEPEC DE MORELOS,19.5607983,-99.0368809
2,3,1,Nutrisa,AV. CENTRAL CARLOS HANK GONZALEZ # S/N COL. SANTA MARIA TULTETLAC CP. 55400 DEL. O MPIO. ECATEPEC,19.5712842,-99.0584911
2,3,2,Nutrisa,"AV. INSURGENTES ESQ. CON AV. PASEO DE LAS AMÉRICAS 138, CONJUNTO URBANO LAS AMÉRICAS, ECATEPEC DE MORELOS, EDO. DE MÉX.",19.5838419,-99.0121767
2,3,3,SUPERCENTER,Supercenter CARR FED MEXICO TEXCOCO KM 30.,19.6145743,-98.9684848
2,3,4,SUPERCENTER,Supercenter CARR FED MEXICO TEXCOCO KM 30.,19.6145743,-98.9684848
2,3,5,Farmacia del Ahorro,AV SANTA CRUZ TECAMAC,19.7733948,-98.9857333
2,4,0,Farmacia del Ahorro,AV CENTRAL ECATEPEC DE MORELOS,19.5279489,-99.03085
2,4,1,Nutrisa,Nutrisa PASEO VENTURA,19.581542,-99.018726
2,4,2,Nutrisa,VÍA JOSÉ LÓPEZ PORTILLO # 1 COL. SAN FRANCISCO COACALCO CP. 55712 DEL. O MPIO. COACALCO DE BERRÍOZABAL,19.6391892,-99.0890882
2,4,3,WALMART EXPRESS,CARRETERA MÉXICO-TEXCOCO # 14 COL. RANCHERÍA ATLAUTENCO CP. 55065 DEL. O MPIO. ECATEPEC,19.681668,-98.9887223
2,4,4,Nutrisa,Nutrisa TECAMAC POWER CENTER,19.6978296,-98.9786509
2,4,5,Nutrisa,"AV. MATAMOROS S/N SAN PABLO DE LAS SALINAS LOC. 24E-18, TULTITLAN, EDO, DE MEX, C.P. 54930",19.7493786,-99.0705754
2,5,0,Nutrisa,CARR. FED. MÉXICO-PACHUCA # KM 36.5 COL. HUEYOTENCO CP. 55740 DEL. O MPIO. TECÁMAC,19.701291,-98.9799456
2,5,1,SUPERCENTER,Supercenter CARR FED MEXICO TEXCOCO KM 30.,19.6145743,-98.9684848
2,5,2,SUPERCENTER,Supercenter VIA JOSE LOPEZ PORTILLO # 101,19.6368846,-99.0974126
2,5,3,Farmacia del Ahorro,VIALIDAD MEXIQUENSE ANTES BOULEVARD DE LA LUZ COACALCO DE BERRIOZABAL,19.6326046,-99.1090105
2,5,4,CITY MARKET,"La Comer AV PRADOS Y PRADERAS S/N SN PABLO DE LAS SALINAS XX   C.P. 54930   TULTITLAN,   ESTADO DE MEXICO",19.6712844,-99.0912127
2,5,5,CITY MARKET,"La Comer AV PRADOS Y PRADERAS S/N SN PABLO DE LAS SALINAS XX   C.P. 54930   TULTITLAN,   ESTADO DE MEXICO",19.6712844,-99.0912127
2,6,0,Nutrisa,Nutrisa MULTIPLAZA OJO DE AGUA TECAMAC,19.66656,-99.0187626
2,6,1,Nutrisa,CARRETERA A TONATITLA PARCELA NO. 36 Y 37 # S/N COL. EJIDO DE SAN FRANCISCO CUAUTLIQUIXCA CP. 55770 DEL. O MPIO. TECÁMAC,19.6846169,-98.9887223
2,6,2,Nutrisa,AV. REVOLUCIÓN S/N ESQ. CONSTITUCIÓN # S/N COL. SAN CRUSTÓBAL CP. 55000 DEL. O MPIO. ECATEPEC,19.604292,-99.0464724
2,6,3,SUPERCENTER,Supercenter VIA JOSE LOPEZ PORTILLO # 101,19.6368846,-99.0974126
2,6,4,Nutrisa,AV. CENTRAL MZ 632 # 50 COL. CIUDAD AZTECA CP. 55120 DEL. O MPIO. ECATEPEC,19.5348037,-99.027693
2,7,0,Farmacia del Ahorro,AV. CUITLAHUAC MIGUEL HIDALGO,19.469033,-99.1736865
2,7,1,CITY MARKET,"La Comer NOGAL 212 ESQ.CARPIO COL.STA MA LA RIBERA. XX   C.P. 06400   CENTRO,   CIUDAD DE MEXICO",19.4494019,-99.1568242
2,7,2,Farmacia del Ahorro,MEZQUITAL CUAUHTEMOC,19.4593048,-99.1231346
2,7,3,WALMART EXPRESS,Superama AV. ING EDUARDO MOLINA  # 6730,19.4779083,-99.099081
2,7,4,WALMART EXPRESS,ANTONIO M. ANZA # 20 COL. ROMA SUR CP. 6700 DEL. O MPIO. CUAUHTÉMOC,19.4112953,-99.1556476
2,7,5,CHED SELECTO,"Sumesa OAXACA Y ALVARO OBREGON COL.ROMA DELEG. CUAUTEMOC. XX   C.P. 06700   CENTRO,   CIUDAD DE MEXICO",19.4095846,-99.1575732
2,8,0,Farmacia del Ahorro,PELICANOS GUSTAVO A MADERO,19.4753299,-99.0993479
2,8,1,Farmacia del Ahorro,AV INSTITUTO POLITECNICO NACIONAL GUSTAVO A MADERO,19.4920299,-99.1331687
2,8,2,Nutrisa,FRANCISCO I. MADERO # 40 COL. CENTRO CP. 6000 DEL. O MPIO. CUAUHTÉMOC,19.4338062,-99.1369894
2,8,3,CHED SELECTO,"Sumesa OAXACA Y ALVARO OBREGON COL.ROMA DELEG. CUAUTEMOC. XX   C.P. 06700   CENTRO,   CIUDAD DE MEXICO",19.4095846,-99.1575732
2,8,4,WALMART EXPRESS,MELCHOR OCAMPO # 193 COL. VERÓNICA ANZURES CP. 11300 DEL. O MPIO. CUAUHTÉMOC,19.4353234,-99.1711742
2,8,5,WALMART EXPRESS,Superama HORACIO # 1740,19.4338116,-99.1899693
2,9,0,WALMART EXPRESS,ANTONIO M. ANZA # 20 COL. ROMA SUR CP. 6700 DEL. O MPIO. CUAUHTÉMOC,19.4112953,-99.1556476
2,9,1,CHED SELECTO,"Sumesa OAXACA Y ALVARO OBREGON COL.ROMA DELEG. CUAUTEMOC. XX   C.P. 06700   CENTRO,   CIUDAD DE MEXICO",19.4095846,-99.1575732
2,9,2,Farmacia del Ahorro,NUEVO LEON MIGUEL HIDALGO,19.4081118,-99.1722323
2,9,3,Farmacia del Ahorro,AV. RIO CHURUBUSCO IZTACALCO,19.4083911,-99.0969201
2,9,4,SUPERCENTER,Superama AV MONTEVIDEO # 360,19.4902119,-99.1340459
2,9,5,Nutrisa,AV. MONTEVIDEO # 363 COL. LINDAVISTA CP. 7300 DEL. O MPIO. GUSTAVO A. MADERO,19.4925098,-99.1335519
2,10,0,Farmacia del Ahorro,FLORENCIA CUAUHTEMOC,19.4252434,-99.1668153
2,10,1,SUPERCENTER,Superama LAGO ALBERTO # 320,19.4408518,-99.1847365
2,10,2,Farmacia del Ahorro,CALZADA CAMARONES AZCAPOTZALCO,19.4680836,-99.1762286
2,10,3,SUPERCENTER,Superama AV MONTEVIDEO # 360,19.4902119,-99.1340459
2,10,4,WALMART EXPRESS,AV . INSURGENTES SUR # 1352 COL. DEL VALLE CP. 3100 DEL. O MPIO. BENITO JUÁREZ,19.3957972,-99.1715799
2,10,5,Farmacia del Ahorro,CALLE 4 IZTACALCO,19.3884266,-99.1069197
2,11,0,Farmacia del Ahorro,AV. INSURGENTES SUR CUAUHTEMOC,19.4157981,-99.1654022
2,11,1,SUPERCENTER,Superama AVE MICHOACAN # 38,19.4114545,-99.1711499
2,11,2,Nutrisa,CALLE GUADALAJARA 53 COL. ROMA # 53 COL. ROMA CP. 6700 DEL. O MPIO. CUAUHTÉMOC,19.4095846,-99.1575732
2,11,3,Farmacia del Ahorro,AV  RIO CHURUBUSCO IZTACALCO,19.4083911,-99.0969201
2,11,4,Nutrisa,"AVENIDA CONSTITUCIÓN DE LA REPÚBLICA NO. 221, PRADERA I SECC, GUSTAVO A. MADERO, 07500 CIUDAD DE MÉXICO",19.4801035,-99.0655794
2,11,5,SUPERCENTER,Supercenter NEXTENGO # 78 II A,19.4740464,-99.189213
2,12,0,CITY MARKET,"La Comer NOGAL 212 ESQ.CARPIO COL.STA MA LA RIBERA. XX   C.P. 06400   CENTRO,   CIUDAD DE MEXICO",19.4494019,-99.1568242
2,12,1,LA COMER,"Sumesa COLIMA # 15 COL. ROMA DELEG. CUAUHTEMOC. XX   C.P. 06700   CENTRO,   CIUDAD DE MEXICO",19.4204687,-99.1581559
2,12,2,Farmacia del Ahorro,XOLA BENITO JUAREZ,19.3958695,-99.1544945
3,0,0,LA COMER,"Sumesa VIRGILIO # 15  COL.POLANCO DELEG. MIGUEL HIDALGO. XX   C.P. 11560   CENTRO,   CIUDAD DE MEXICO",19.4308628,-99.1968951
3,0,1,Farmacia del Ahorro,RUBEN DARIO MIGUEL HIDALGO,19.4280383,-99.1863831
3,0,2,WALMART EXPRESS,Superama HOMERO # 310,19.4349022,-99.1858385
3,0,3,SUPERCENTER,Supercenter NEXTENGO # 78 II A,19.4740464,-99.189213
3,0,4,Nutrisa,AV. CUAUHTÉMOC # 462 COL. PIEDAD NARVARTE CP. 3020 DEL. O MPIO. CUAUHTÉMOC,19.3969198,-99.1561339
3,0,5,SUPERCENTER,Supercenter CALZ SN JUAN DE ARAGON # 516,19.4798101,-99.0958739
3,1,0,LA COMER,"Sumesa PLUTARCO ELIAS CALLES 1160 COL.MARTE, DELEG. IZTACALCO. XX   C.P. 08450   CENTRO,   CIUDAD DE MEXICO",19.4302678,-99.1373136
3,1,1,WALMART EXPRESS,PALMA # 39 COL. CENTRO CP. 6000 DEL. O MPIO. CUAUHTÉMOC,19.4323677,-99.1354218
3,1,2,SUPERCENTER,Superama AVE MICHOACAN # 38,19.4114545,-99.1711499
3,1,3,SUPERCENTER,Superama LAGO ALBERTO # 320,19.4408518,-99.1847365
3,1,4,Farmacia del Ahorro,AV INSTITUTO POLITECNICO NACIONAL GUSTAVO A MADERO,19.4920299,-99.1331687
3,1,5,CHED SELECTO,008 CIUDAD DE MEXICO SUPER CHEDRAUI MEXICO TEZONTLE 12-15,19.3961294,-99.113074
3,2,0,LA COMER,"Sumesa COLIMA # 15 COL. ROMA DELEG. CUAUHTEMOC. XX   C.P. 06700   CENTRO,   CIUDAD DE MEXICO",19.4204687,-99.1581559
3,2,1,Nutrisa,Nutrisa PLAZA INSURGENTES,19.412603,-99.165818
3,2,2,WALMART EXPRESS,MELCHOR OCAMPO # 193 COL. VERÓNICA ANZURES CP. 11300 DEL. O MPIO. CUAUHTÉMOC,19.4353234,-99.1711742
3,2,3,WALMART EXPRESS,Superama HORACIO # 1740,19.4338116,-99.1899693
3,2,4,WALMART EXPRESS,PALMA # 39 COL. CENTRO CP. 6000 DEL. O MPIO. CUAUHTÉMOC,19.4323677,-99.1354218
3,2,5,SUMESA,Bodega ETZATLAN # 25,19.4518005,-99.1195796
3,3,0,WALMART EXPRESS,AV. EJÉRCITO NACIONAL # 980 COL. LOS MORALES CP. 11510 DEL. O MPIO. MIGUEL HIDALGO,19.4375999,-99.2070395
3,3,1,WALMART EXPRESS,AV. EJÉRCITO NACIONAL # 980 COL. LOS MORALES CP. 11510 DEL. O MPIO. MIGUEL HIDALGO,19.4375999,-99.2070395
3,3,2,WALMART EXPRESS,ANTONIO M. ANZA # 20 COL. ROMA SUR CP. 6700 DEL. O MPIO. CUAUHTÉMOC,19.4112953,-99.1556476
3,3,3,SUMESA,Bodega ETZATLAN # 25,19.4518005,-99.1195796
3,3,4,Farmacia del Ahorro,MIGUEL BERNARD GUSTAVO A MADERO,19.512034,-99.1403235
3,3,5,SUMESA,Supercenter AV CENTRAL CARLOS HANK GLZ # S,19.5003346,-99.0429903
3,4,0,CHEDRAUI,"City Market LAGO ZURICH NO. 245 COL AMPLIACION GRANADA  XX   C.P. 11529   MIGUEL HIDALGO,   CIUDAD DE MEXICO",19.4430126,-99.203178
3,4,1,Nutrisa,LAGO ALBERTO ESQ. MARIANO ESCOBEDO # 320 COL. ANAHUAC CP. 5160 DEL. O MPIO. MIGUEL HIDALGO,19.4379482,-99.1834831
3,4,2,FRESKO,"La Comer LAGO XOCHIMILCO NO 343 ESQ LAGO ALBERTO COL ANAHUAC DELEG MIGUEL HIDAL XX   C.P. 11320   Poniente,   CIUDAD DE MEXICO",19.4382984,-99.1795932
3,4,3,LA COMER,"Sumesa LONDRES Y BRUSELAS COL.JUAREZ. DELEG. CUAUTEMOC. XX   C.P. 06600   CENTRO,   CIUDAD DE MEXICO",19.4287826,-99.1566493
3,4,4,Farmacia del Ahorro,DONCELES CUAUHTEMOC,19.4362835,-99.1358465
3,4,5,LA COMER,"La Comer CALZ.DE HUESO #530 COL.ESQ CANAL DE MIRAMONTES, FRACC. LOS GIRASOLES. XX   C.P. 04929   CENTRO,   CIUDAD DE MEXICO",19.4326077,-99.133208
3,5,0,LA COMER,"Sumesa BAJIO Y TLACOTALPAN 266 COL. ROMA DELEGACION CUAUHTEMOC. XX   C.P. 06700   CENTRO,   CIUDAD DE MEXICO",19.4029754,-99.1658757
3,5,1,LA COMER,"Sumesa MIER Y PESADO # 319  COL. DEL VALLE DELEG. BENITO JUAREZ. XX   C.P. 03100   CENTRO,   CIUDAD DE MEXICO",19.3939565,-99.1657484
3,5,2,SUPERCENTER,Superama AVE MICHOACAN # 38,19.4114545,-99.1711499
3,5,3,LA COMER,LA COMER  LA COMER SANTA MARIA LA RIBERA,19.4511147,-99.1636593
3,5,4,SUPERCENTER,Supercenter NEXTENGO # 78 II A,19.4740464,-99.189213
3,5,5,Farmacia del Ahorro,FRANCISCO DEL PASO Y TRONCOSO IZTAPALAPA,19.3861945,-99.1117469
3,6,0,SUMESA,Bodega ETZATLAN # 25,19.4518005,-99.1195796
3,6,1,CHED SELECTO,008 CIUDAD DE MEXICO SUPER CHEDRAUI MEXICO TEZONTLE 12-15,19.3961294,-99.113074
3,6,2,Nutrisa,"AV. INSURGENTES ESQ. SAN LUIS POTOSI # 214 , ROMA SUR, CUAUHTEMOC # 214 COL. ROMA SUR CP. 6700 DEL. O MPIO. CUAUHTÉMOC",19.4124425,-99.1656435
3,6,3,SUPERCENTER,Superama PACHUCA # 99,19.415274,-99.1780085
3,6,4,Farmacia del Ahorro,AV. CUITLAHUAC MIGUEL HIDALGO,19.469033,-99.1736865
3,6,5,SUPERCENTER,Supercenter AV RIO DE LOS REMEDIOS 5,19.5071833,-99.0855801
3,7,0,SUPERCENTER,Supercenter MZ OTHON DE MENDIZABAL # 343,19.5061811,-99.144543
3,7,1,Farmacia del Ahorro,LAGO ATILTLAN MIGUEL HIDALGO,19.4519371,-99.20127
3,7,2,WALMART EXPRESS,BLVD. M. CERVANTES SAAVEDRA # 397 COL. IRRIGACIÓN CP. 11579 DEL. O MPIO. MIGUEL HIDALGO,19.4428958,-99.207905
3,7,3,LA COMER,"Sumesa YUCATAN Y CHIAPAS COL.ROMA DEELG. CUAUTEMOC. XX   C.P. 06700   CENTRO,   CIUDAD DE MEXICO",19.4125496,-99.160721
3,7,4,CHED SELECTO,"Sumesa YUCATAN Y CHIAPAS COL.ROMA DEELG. CUAUTEMOC. XX   C.P. 06700   CENTRO,   CIUDAD DE MEXICO",19.4125496,-99.160721
3,7,5,LA COMER,"Sumesa MIER Y PESADO # 319  COL. DEL VALLE DELEG. BENITO JUAREZ. XX   C.P. 03100   CENTRO,   CIUDAD DE MEXICO",19.3939565,-99.1657484
3,8,0,SUPERCENTER,Supercenter CALZ SN JUAN DE ARAGON # 516,19.4798101,-99.0958739
3,8,1,SUPERCENTER,Supercenter AV RIO DE LOS REMEDIOS 5,19.5071833,-99.0855801
3,8,2,SUPERCENTER,Superama AV MONTEVIDEO # 360,19.4902119,-99.1340459
3,8,3,SUPERCENTER,Superama AVE MICHOACAN # 38,19.4114545,-99.1711499
3,8,4,LA COMER,"Sumesa ROMERO DE TERREROS Y DIAGONAL, S. ANTONIO DEL VALLE DELEG. BENITO JUAR XX   C.P. 03020   CENTRO,   CIUDAD DE MEXICO",19.3940851,-99.1596351
3,8,5,WALMART EXPRESS,BLVD. M. CERVANTES SAAVEDRA # 397 COL. IRRIGACIÓN CP. 11579 DEL. O MPIO. MIGUEL HIDALGO,19.4428958,-99.207905
3,9,0,Farmacia del Ahorro,LAS CRUCES CUAUHTEMOC,19.4282783,-99.1294881
3,9,1,Nutrisa,AV. CAHABACANO # 43 COL. ASTURIAS CP. 6850 DEL. O MPIO. CUAUHTÉMOC,19.407595,-99.1328563
3,9,2,Farmacia del Ahorro,AV CUAUHTEMOC BENITO JUAREZ,19.3953633,-99.1560921
3,9,3,CHED SELECTO,"Sumesa YUCATAN Y CHIAPAS COL.ROMA DEELG. CUAUTEMOC. XX   C.P. 06700   CENTRO,   CIUDAD DE MEXICO",19.4125496,-99.160721
3,9,4,CHEDRAUI,"City Market LAGO ZURICH NO. 245 COL AMPLIACION GRANADA  XX   C.P. 11529   MIGUEL HIDALGO,   CIUDAD DE MEXICO",19.4430126,-99.203178
3,9,5,SUPERCENTER,Supercenter MZ OTHON DE MENDIZABAL # 343,19.5061811,-99.144543
3,10,0,LA COMER,"Sumesa PLUTARCO ELIAS CALLES 1160 COL.MARTE, DELEG. IZTACALCO. XX   C.P. 08450   CENTRO,   CIUDAD DE MEXICO",19.4302678,-99.1373136
3,10,1,LA COMER,"Sumesa PLUTARCO ELIAS CALLES 1160 COL.MARTE, DELEG. IZTACALCO. XX   C.P. 08450   CENTRO,   CIUDAD DE MEXICO",19.4302678,-99.1373136
3,10,2,SUPERCENTER,Supercenter AV INSURGENTES NTE # 131,19.4441323,-99.1537739
3,10,3,Farmacia del Ahorro,AV. INSURGENTES SUR CUAUHTEMOC,19.4157981,-99.1654022
3,10,4,Nutrisa,"AVENIDA FORTUNA SN, MAGDALENA DE LAS SALINAS, GUSTAVO A. MADERO, CDMX, C.P. 07370",19.4848332,-99.1345586
3,10,5,SUPERCENTER,Supercenter AV RIO DE LOS REMEDIOS 5,19.5071833,-99.0855801
3,11,0,Nutrisa,AV. RIO DE LOS REMEDIOS # 5 COL. SAN JUAN IXHUATEPEC CP. 54180 DEL. O MPIO. TLALNEPANTLA,19.5183293,-99.108302
3,11,1,Nutrisa,Nutrisa PLAZA LINDAVISTA,19.4919303,-99.1336727
3,11,2,SUPERCENTER,Supercenter AV INSURGENTES NTE # 131,19.4441323,-99.1537739
3,11,3,Nutrisa,AV. JUÁREZ # 30 COL. CENTRO CP. 6050 DEL. O MPIO. CUAUHTÉMOC,19.434406,-99.14321
3,11,4,Nutrisa,CALZADA IGNACIO ZARAGOZA # 200 COL. SIETE DE JULIO CP. 15390 DEL. O MPIO. VENUSTIANO CARRANZA,19.430242,-99.112241
3,11,5,WALMART EXPRESS,BLVD. M. CERVANTES SAAVEDRA # 397 COL. IRRIGACIÓN CP. 11579 DEL. O MPIO. MIGUEL HIDALGO,19.4428958,-99.207905
3,12,0,Farmacia del Ahorro,CALZADA DE LOS MISTERIOS GUSTAVO A MADERO,19.470992,-99.1239462
3,12,1,SUPERCENTER,Supercenter MZ OTHON DE MENDIZABAL # 343,19.5061811,-99.144543
3,12,2,Nutrisa,Nutrisa PUERTA ARAGON,19.4798976,-99.0655267
3,12,3,SUMESA,Supercenter AV CENTRAL CARLOS HANK GLZ # S,19.5003346,-99.0429903
3,12,4,SUPERCENTER,Superama PACHUCA # 99,19.415274,-99.1780085
3,12,5,SUPERCENTER,Superama HORACIO 603,19.4338116,-99.1899693
3,13,0,SUMESA,Bodega ETZATLAN # 25,19.4518005,-99.1195796
3,13,1,Nutrisa,Nutrisa MADERO,19.4336574,-99.1370133
3,13,2,LA COMER,"Sumesa COLIMA # 15 COL. ROMA DELEG. CUAUHTEMOC. XX   C.P. 06700   CENTRO,   CIUDAD DE MEXICO",19.4204687,-99.1581559
3,13,3,LA COMER,"Sumesa YUCATAN Y CHIAPAS COL.ROMA DEELG. CUAUTEMOC. XX   C.P. 06700   CENTRO,   CIUDAD DE MEXICO",19.4125496,-99.160721
3,13,4,WALMART EXPRESS,Superama HOMERO # 310,19.4349022,-99.1858385
3,13,5,CHED SELECTO,008 CIUDAD DE MEXICO SUPER CHEDRAUI MEXICO TEZONTLE 12-15,19.3961294,-99.113074
3,14,0,LA COMER,"Sumesa ROMERO DE TERREROS Y DIAGONAL, S. ANTONIO DEL VALLE DELEG. BENITO JUAR XX   C.P. 03020   CENTRO,   CIUDAD DE MEXICO",19.3940851,-99.1596351
3,14,1,Farmacia del Ahorro,FLORENCIA CUAUHTEMOC,19.4252434,-99.1668153
3,14,2,WALMART EXPRESS,Superama HORACIO # 1740,19.4338116,-99.1899693
3,14,3,Farmacia del Ahorro,EJE CENTRAL  LAZARO CARDENAS CUAUHTEMOC,19.4330028,-99.1410743
3,14,4,Nutrisa,ANFORA # 71 COL. MADERO CP. 15320 DEL. O MPIO. VENUSTIANO CARRANZA,19.4383962,-99.1075731
3,14,5,Farmacia del Ahorro,CALLE 4 IZTACALCO,19.3884266,-99.1069197
3,15,0,Farmacia del Ahorro,LAGO ATILTLAN MIGUEL HIDALGO,19.4519371,-99.20127
3,15,1,SUPERCENTER,Superama HORACIO 603,19.4338116,-99.1899693
3,15,2,LA COMER,LA COMER  LA COMER SANTA MARIA LA RIBERA,19.4511147,-99.1636593
3,15,3,Nutrisa,CALZADA VALLEJO # 296 COL. SAN FRANCISCO XOCOTITLA CP. 2940 DEL. O MPIO. AZCAPOTZALCO,19.4686718,-99.1493801
3,15,4,Farmacia del Ahorro,CALZADA DE LOS MISTERIOS GUSTAVO A MADERO,19.470992,-99.1239462
3,15,5,Farmacia del Ahorro,DONCELES CUAUHTEMOC,19.4362835,-99.1358465
3,16,0,Farmacia del Ahorro,AV  RIO CHURUBUSCO IZTACALCO,19.4083911,-99.0969201
3,16,1,Farmacia del Ahorro,FRAY SERVANDO TERESA DE MIER VENUSTIANO CARRANZA,19.4218421,-99.1181022
3,16,2,CHED SELECTO,008 CIUDAD DE MEXICO SUPER CHEDRAUI MEXICO BELLAVISTA 10-12,19.4467381,-99.1358195
3,16,3,LA COMER,"Sumesa OAXACA Y ALVARO OBREGON COL.ROMA DELEG. CUAUTEMOC. XX   C.P. 06700   CENTRO,   CIUDAD DE MEXICO",19.4095846,-99.1575732
3,16,4,Farmacia del Ahorro,LOPE DE VEGA MIGUEL HIDALGO,19.4335154,-99.1872718
3,16,5,WALMART EXPRESS,BLVD. M. CERVANTES SAAVEDRA # 397 COL. IRRIGACIÓN CP. 11579 DEL. O MPIO. MIGUEL HIDALGO,19.4428958,-99.207905
3,17,0,WALMART EXPRESS,MELCHOR OCAMPO # 193 COL. VERÓNICA ANZURES CP. 11300 DEL. O MPIO. CUAUHTÉMOC,19.4353234,-99.1711742
3,17,1,Nutrisa,"LÍNEA 1, LOCAL # 15 CHAPULTEPEC, JUÁREZ, 06600 CIUDAD DE MÉXICO, CDMX, CRFP+FM CIUDAD DE MÉXICO",19.4238924,-99.162257
3,17,2,Nutrisa,Nutrisa GUADLAJARA 53,19.4184277,-99.1725053
3,17,3,WALMART EXPRESS,AV . INSURGENTES SUR # 1352 COL. DEL VALLE CP. 3100 DEL. O MPIO. BENITO JUÁREZ,19.3957972,-99.1715799
3,17,4,LA COMER,"Sumesa MIER Y PESADO # 319  COL. DEL VALLE DELEG. BENITO JUAREZ. XX   C.P. 03100   CENTRO,   CIUDAD DE MEXICO",19.3939565,-99.1657484
3,17,5,Nutrisa,Nutrisa PATIO CLAVERIA,19.4638264,-99.1817544
3,18,0,Farmacia del Ahorro,INSURGENTES CUAUHTEMOC,19.4489317,-99.1526495
3,18,1,LA COMER,"Sumesa LONDRES Y BRUSELAS COL.JUAREZ. DELEG. CUAUTEMOC. XX   C.P. 06600   CENTRO,   CIUDAD DE MEXICO",19.4287826,-99.1566493
3,18,2,LA COMER,"La Comer CALZ.DE HUESO #530 COL.ESQ CANAL DE MIRAMONTES, FRACC. LOS GIRASOLES. XX   C.P. 04929   CENTRO,   CIUDAD DE MEXICO",19.4326077,-99.133208
3,18,3,FRESKO,"La Comer LAGO XOCHIMILCO NO 343 ESQ LAGO ALBERTO COL ANAHUAC DELEG MIGUEL HIDAL XX   C.P. 11320   Poniente,   CIUDAD DE MEXICO",19.4382984,-99.1795932
3,18,4,WALMART EXPRESS,AV. EJÉRCITO NACIONAL # 980 COL. LOS MORALES CP. 11510 DEL. O MPIO. MIGUEL HIDALGO,19.4375999,-99.2070395
3,18,5,Farmacia del Ahorro,CAMINO DE SAN JUAN  DE ARAGON GUSTAVO A MADERO,19.47368,-99.07925
3,19,0,Farmacia del Ahorro,AV. CLAVERIA AZCAPOTZALCO,19.4652947,-99.1826034
3,19,1,CHED SELECTO,008 CIUDAD DE MEXICO SUPER CHEDRAUI MEXICO BELLAVISTA 10-12,19.4467381,-99.1358195
3,19,2,LA COMER,"La Comer CALZ.DE HUESO #530 COL.ESQ CANAL DE MIRAMONTES, FRACC. LOS GIRASOLES. XX   C.P. 04929   CENTRO,   CIUDAD DE MEXICO",19.4326077,-99.133208
3,19,3,Farmacia del Ahorro,XOLA BENITO JUAREZ,19.3958695,-99.1544945
3,19,4,WALMART EXPRESS,Superama AV. ING EDUARDO MOLINA  # 6730,19.4779083,-99.099081
3,19,5,Farmacia del Ahorro,CAMINO DE SAN JUAN  DE ARAGON GUSTAVO A MADERO,19.47368,-99.07925
3,20,0,SUMESA,Supercenter AV CENTRAL CARLOS HANK GLZ # S,19.5003346,-99.0429903
3,20,1,CHED SELECTO,008 CIUDAD DE MEXICO SUPER CHEDRAUI MEXICO BELLAVISTA 10-12,19.4467381,-99.1358195
3,20,2,WALMART EXPRESS,PALMA # 39 COL. CENTRO CP. 6000 DEL. O MPIO. CUAUHTÉMOC,19.4323677,-99.1354218
3,20,3,Farmacia del Ahorro,LAS CRUCES CUAUHTEMOC,19.4282783,-99.1294881
3,20,4,SUPERCENTER,Supercenter AV INSURGENTES NTE # 131,19.4441323,-99.1537739
3,20,5,CITY MARKET,"La Comer NOGAL 212 ESQ.CARPIO COL.STA MA LA RIBERA. XX   C.P. 06400   CENTRO,   CIUDAD DE MEXICO",19.4494019,-99.1568242
3,21,0,LA COMER,"Sumesa COLIMA # 15 COL. ROMA DELEG. CUAUHTEMOC. XX   C.P. 06700   CENTRO,   CIUDAD DE MEXICO",19.4204687,-99.1581559
3,21,1,Farmacia del Ahorro,AV OAXACA CUAUHTEMOC,19.4196366,-99.1665661
3,21,2,Farmacia del Ahorro,AV SONORA CUAUHTEMOC,19.4166201,-99.1704922
3,21,3,SUPERCENTER,Superama PACHUCA # 99,19.415274,-99.1780085
3,21,4,LA COMER,"Sumesa PLUTARCO ELIAS CALLES 1160 COL.MARTE, DELEG. IZTACALCO. XX   C.P. 08450   CENTRO,   CIUDAD DE MEXICO",19.4302678,-99.1373136
3,21,5,Farmacia del Ahorro,FRANCISCO DEL PASO Y TRONCOSO IZTAPALAPA,19.3861945,-99.1117469
3,22,0,LA COMER,"Sumesa VIRGILIO # 15  COL.POLANCO DELEG. MIGUEL HIDALGO. XX   C.P. 11560   CENTRO,   CIUDAD DE MEXICO",19.4308628,-99.1968951
3,22,1,Farmacia del Ahorro,LAMARTINE MIGUEL HIDALGO,19.4321195,-99.1897365
3,22,2,LA COMER,LA COMER  LA COMER SANTA MARIA LA RIBERA,19.4511147,-99.1636593
3,22,3,Farmacia del Ahorro,PUENTE DE ALVARADO CUAUHTEMOC,19.4394785,-99.1540402
3,22,4,LA COMER,"Sumesa OAXACA Y ALVARO OBREGON COL.ROMA DELEG. CUAUTEMOC. XX   C.P. 06700   CENTRO,   CIUDAD DE MEXICO",19.4095846,-99.1575732
3,22,5,SUPERCENTER,Supercenter AVE CUITLAHUAC # 3651,19.4715108,-99.1651608
3,23,0,LA COMER,"Sumesa MIER Y PESADO # 319  COL. DEL VALLE DELEG. BENITO JUAREZ. XX   C.P. 03100   CENTRO,   CIUDAD DE MEXICO",19.3939565,-99.1657484
3,23,1,LA COMER,"Sumesa LONDRES Y BRUSELAS COL.JUAREZ. DELEG. CUAUTEMOC. XX   C.P. 06600   CENTRO,   CIUDAD DE MEXICO",19.4287826,-99.1566493
3,23,2,Farmacia del Ahorro,BELISARIO DOMINGUEZ CUAUHTEMOC,19.4381399,-99.1368694
3,23,3,FRESKO,"La Comer LAGO XOCHIMILCO NO 343 ESQ LAGO ALBERTO COL ANAHUAC DELEG MIGUEL HIDAL XX   C.P. 11320   Poniente,   CIUDAD DE MEXICO",19.4382984,-99.1795932
3,23,4,SUPERCENTER,Superama AV MONTEVIDEO # 360,19.4902119,-99.1340459
3,23,5,Farmacia del Ahorro,MIGUEL BERNARD GUSTAVO A MADERO,19.512034,-99.1403235
4,0,0,SUPERCENTER,Supercenter BLVD PASEO INTERLOMAS 5,19.3988317,-99.2884339
4,0,1,WALMART EXPRESS,"VIALIDAD DE LA BARRANCA 6-LOCAL 17, COL. EX HACIENDA JESÚS DEL MONTE, BOSQUE DE LAS PALMAS, 52787 NAUCALPAN DE JUÁREZ, MÉX.",19.3973512,-99.282199
4,0,2,CHEDRAUI,"Fresko AV.PROL.BOSQUES DE REFORMA #1813 COL. VISTA HERMOSA. XX   C.P. 5100   CUAJIMALPA,   ESTADO DE MEXICO",19.3825428,-99.2676879
4,0,3,WALMART EXPRESS,PROL. BOSQUES DE LA REFORMA # 1813 COL. LOMAS DE VISTA HERMOSA CP. 5100 DEL. O MPIO. CUAJIMALPA,19.398161,-99.2494957
4,0,4,CHEDRAUI,"Fresko AV DE LAS FUENTES 190 COL LOMAS DE TECAMACHALCO HUIXQUILUCAN EDO DE ME XX   C.P. 53950   HUIXQUILUCAN,   ESTADO DE MEXICO",19.421515,-99.2381589
4,0,5,Farmacia del Ahorro,AV INGENIEROS MILITARES MIGUEL HIDALGO,19.4468479,-99.2172859
4,1,0,FRESKO,"La Comer AVE. MAGNO CENTRO, LOTE 1 MANZANA 2, COL. SAN FERNANDO HUIXQUILUCAN. XX   C.P. 52784   HUIXQUILUCAN,   ESTADO DE MEXICO",19.4060479,-99.274979
4,1,1,Farmacia del Ahorro,PROL. PASEO DE LA REFORMA CUAJIMALPA DE MORELOS,19.3709729,-99.2652242
4,1,2,CHEDRAUI,"City Market AVENIDA SANTA FE NO 498 LT J2 Y J3 COL SANTA FE CUAJIMALPA XX   C.P. 05348   CUAJIMALPA DE MORELOS,   CIUDAD DE MEXICO",19.3585882,-99.271304
4,1,3,SUPERCENTER,Supercenter JOSE MA CASTORENA # 470 II A,19.3631197,-99.2872985
4,1,4,Nutrisa,AV. JUÁREZ # 49 COL. CUAJIMALPA CP. 5000 DEL. O MPIO. CUAJIMALPA,19.3564629,-99.2983643
4,1,5,Farmacia del Ahorro,CALZ DE LAS AGUILAS ALVARO OBREGON,19.3486172,-99.2295316
4,2,0,Farmacia del Ahorro,BARRANQUILLA MIGUEL HIDALGO,19.4052213,-99.1978536
4,2,1,WALMART EXPRESS,Superama AGUIAR Y SEIJAS # 123,19.4211952,-99.2070795
4,2,2,Farmacia del Ahorro,HOMERO MIGUEL HIDALGO,19.4306575,-99.2083953
4,2,3,SUPERCENTER,Superama AV JESUS DEL MONTE # 37,19.3952547,-99.2891437
4,2,4,SUPERCENTER,Supercenter JOSE MA CASTORENA # 470 II A,19.3631197,-99.2872985
4,2,5,CHED SELECTO,008 CIUDAD DE MEXICO CHEDRAUI SELECTO MEXICO SANTA FE 09-13,19.3599723,-99.2745208
4,3,0,CHED SELECTO,"City Market BOULEVAR MAGNOCENTRO NO.26 MANZANA 1 LOTE 2 SN.FERNANDO LA HERADURA HU XX   C.P. 52765   HUIXQUILUCAN,   ESTADO DE MEXICO",19.4057702,-99.2730877
4,3,1,FRESKO,"La Comer AVE. MAGNO CENTRO, LOTE 1 MANZANA 2, COL. SAN FERNANDO HUIXQUILUCAN. XX   C.P. 52784   HUIXQUILUCAN,   ESTADO DE MEXICO",19.4060479,-99.274979
4,3,2,WALMART EXPRESS,PROL. BOSQUES DE LA REFORMA # 1813 COL. LOMAS DE VISTA HERMOSA CP. 5100 DEL. O MPIO. CUAJIMALPA,19.398161,-99.2494957
4,3,3,WALMART EXPRESS,Superama PASEO DE LILAS # 92,19.387612,-99.2479528
4,3,4,CHEDRAUI,"Fresko AV DE LAS FUENTES 190 COL LOMAS DE TECAMACHALCO HUIXQUILUCAN EDO DE ME XX   C.P. 53950   HUIXQUILUCAN,   ESTADO DE MEXICO",19.421515,-99.2381589
4,3,5,SUPERCENTER,Superama AV DE LAS FUENTES # 174,19.4221947,-99.2374662
4,4,0,WALMART EXPRESS,Superama AGUIAR Y SEIJAS # 123,19.4211952,-99.2070795
4,4,1,SUPERCENTER,Superama AV DE LAS FUENTES # 174,19.4221947,-99.2374662
4,4,2,SUPER CHEDRAUI,"City Fresko BOSQUE DE MOCTEZUMA NO. 1 LOTE B Y C COLONIA LA HERRADURA 3A. SECCION XX   C.P. 52784   HUIXQUILUCAN,   ESTADO DE MEXICO",19.4210237,-99.2446309
4,4,3,WALMART EXPRESS,Superama BOSQUES DE MINAS # 33,19.4224741,-99.2599365
4,4,4,FRESKO,"La Comer AVE. MAGNO CENTRO, LOTE 1 MANZANA 2, COL. SAN FERNANDO HUIXQUILUCAN. XX   C.P. 52784   HUIXQUILUCAN,   ESTADO DE MEXICO",19.4060479,-99.274979
4,4,5,CHEDRAUI,"Fresko AV.PROL.BOSQUES DE REFORMA #1813 COL. VISTA HERMOSA. XX   C.P. 5100   CUAJIMALPA,   ESTADO DE MEXICO",19.3825428,-99.2676879
4,5,0,WALMART EXPRESS,"VIALIDAD DE LA BARRANCA 6-LOCAL 17, COL. EX HACIENDA JESÚS DEL MONTE, BOSQUE DE LAS PALMAS, 52787 NAUCALPAN DE JUÁREZ, MÉX.",19.3973512,-99.282199
4,5,1,SUPERCENTER,Supercenter JOSE MA CASTORENA # 470 II A,19.3631197,-99.2872985
4,5,2,Farmacia del Ahorro,JUAN SALVADOR AGRAZ CUAJIMALPA DE MORELOS,19.3593683,-99.278745
4,5,3,CHED SELECTO,008 CIUDAD DE MEXICO CHEDRAUI SELECTO MEXICO SANTA FE 09-13,19.3599723,-99.2745208
4,5,4,Farmacia del Ahorro,CALZ DE LAS AGUILAS ALVARO OBREGON,19.3486172,-99.2295316
4,5,5,Farmacia del Ahorro,CALLE 11 ALVARO OBREGON,19.375063,-99.2074586
4,6,0,FRESKO,"La Comer AVE. MAGNO CENTRO, LOTE 1 MANZANA 2, COL. SAN FERNANDO HUIXQUILUCAN. XX   C.P. 52784   HUIXQUILUCAN,   ESTADO DE MEXICO",19.4060479,-99.274979
4,6,1,CHED SELECTO,"City Market BOULEVAR MAGNOCENTRO NO.26 MANZANA 1 LOTE 2 SN.FERNANDO LA HERADURA HU XX   C.P. 52765   HUIXQUILUCAN,   ESTADO DE MEXICO",19.4057702,-99.2730877
4,6,2,CHED SELECTO,"City Market BOULEVAR MAGNOCENTRO NO.26 MANZANA 1 LOTE 2 SN.FERNANDO LA HERADURA HU XX   C.P. 52765   HUIXQUILUCAN,   ESTADO DE MEXICO",19.4057702,-99.2730877
4,6,3,WALMART EXPRESS,PROL. BOSQUES DE LA REFORMA # 1813 COL. LOMAS DE VISTA HERMOSA CP. 5100 DEL. O MPIO. CUAJIMALPA,19.398161,-99.2494957
4,6,4,SUPER CHEDRAUI,"City Fresko BOSQUE DE MOCTEZUMA NO. 1 LOTE B Y C COLONIA LA HERRADURA 3A. SECCION XX   C.P. 52784   HUIXQUILUCAN,   ESTADO DE MEXICO",19.4210237,-99.2446309
4,6,5,Farmacia del Ahorro,HOMERO MIGUEL HIDALGO,19.4306575,-99.2083953
4,7,0,WALMART EXPRESS,Superama BOSQUES DE MINAS # 33,19.4224741,-99.2599365
4,7,1,WALMART EXPRESS,BLVD. MAGNOCENTRO # 35 COL. SAN FERNANDO LA HERRRADURA CP. 52784 DEL. O MPIO. HUIXQUILUCAN,19.4203123,-99.2494728
4,7,2,SUPERCENTER,Superama AV DE LAS FUENTES # 174,19.4221947,-99.2374662
4,7,3,Farmacia del Ahorro,PUENTE DE TECAMACHALCO NAUCALPAN DE JUAREZ,19.4300132,-99.2243762
4,7,4,CHEDRAUI,"City Market AVENIDA SANTA FE NO 498 LT J2 Y J3 COL SANTA FE CUAJIMALPA XX   C.P. 05348   CUAJIMALPA DE MORELOS,   CIUDAD DE MEXICO",19.3585882,-99.271304
4,7,5,Farmacia del Ahorro,JUAN SALVADOR AGRAZ CUAJIMALPA DE MORELOS,19.3593683,-99.278745
4,8,0,BODEGA AURRERA,Supercenter BLVD MAGNOCENTRO # 35 MZ II LT,19.405822,-99.2729528
4,8,1,Farmacia del Ahorro,AVENIDA HACIENDA MARTIN CABALLERO HUIXQUILUCAN,19.3920551,-99.2897413
4,8,2,SUPER CHE,"Fresko AV. JESUS DEL MONTE 271, ESQ. CALLE ENCINO COL. JESUS DEL MONTE XX   C.P. 52764   HUIXQUILUCAN,   ESTADO DE MEXICO",19.3883326,-99.2928253
4,8,3,SUPER CHE,"Fresko AV. JESUS DEL MONTE 271, ESQ. CALLE ENCINO COL. JESUS DEL MONTE XX   C.P. 52764   HUIXQUILUCAN,   ESTADO DE MEXICO",19.3883326,-99.2928253
4,8,4,WALMART EXPRESS,PROL. BOSQUES DE LA REFORMA # 1813 COL. LOMAS DE VISTA HERMOSA CP. 5100 DEL. O MPIO. CUAJIMALPA,19.398161,-99.2494957
4,8,5,WALMART EXPRESS,Superama PASEO DE LILAS # 92,19.387612,-99.2479528
4,9,0,CHEDRAUI,"City Market AVENIDA SANTA FE NO 498 LT J2 Y J3 COL SANTA FE CUAJIMALPA XX   C.P. 05348   CUAJIMALPA DE MORELOS,   CIUDAD DE MEXICO",19.3585882,-99.271304
4,9,1,CHEDRAUI,"Fresko AV.PROL.BOSQUES DE REFORMA #1813 COL. VISTA HERMOSA. XX   C.P. 5100   CUAJIMALPA,   ESTADO DE MEXICO",19.3825428,-99.2676879
4,9,2,BODEGA AURRERA,Supercenter BLVD MAGNOCENTRO # 35 MZ II LT,19.405822,-99.2729528
4,9,3,SUPERCENTER,Superama AV JESUS DEL MONTE # 37,19.3952547,-99.2891437
4,9,4,SUPER CHE,"Fresko AV. JESUS DEL MONTE 271, ESQ. CALLE ENCINO COL. JESUS DEL MONTE XX   C.P. 52764   HUIXQUILUCAN,   ESTADO DE MEXICO",19.3883326,-99.2928253
4,9,5,Farmacia del Ahorro,AV. VASCO DE QUIROGA ALVARO OBREGON,19.3802939,-99.2432883
4,10,0,WALMART EXPRESS,Superama CALZ LAS AGUILAS # 1819,19.3424915,-99.2481777
4,10,1,Farmacia del Ahorro,A RUIZ CORTINEZ ALVARO OBREGON,19.3605334,-99.2267067
4,10,2,CHEDRAUI,"City Market AVENIDA SANTA FE NO 498 LT J2 Y J3 COL SANTA FE CUAJIMALPA XX   C.P. 05348   CUAJIMALPA DE MORELOS,   CIUDAD DE MEXICO",19.3585882,-99.271304
4,10,3,SUPER CHE,"Fresko AV. JESUS DEL MONTE 271, ESQ. CALLE ENCINO COL. JESUS DEL MONTE XX   C.P. 52764   HUIXQUILUCAN,   ESTADO DE MEXICO",19.3883326,-99.2928253
4,10,4,SUPERCENTER,Supercenter BLVD PASEO INTERLOMAS 5,19.3988317,-99.2884339
4,10,5,WALMART EXPRESS,Superama AGUIAR Y SEIJAS # 123,19.4211952,-99.2070795
4,11,0,WALMART EXPRESS,Superama BOSQUES DE MINAS # 33,19.4224741,-99.2599365
4,11,1,SUPER CHEDRAUI,"City Fresko BOSQUE DE MOCTEZUMA NO. 1 LOTE B Y C COLONIA LA HERRADURA 3A. SECCION XX   C.P. 52784   HUIXQUILUCAN,   ESTADO DE MEXICO",19.4210237,-99.2446309
4,11,2,WALMART EXPRESS,Superama AGUIAR Y SEIJAS # 123,19.4211952,-99.2070795
4,11,3,Nutrisa,CALLE 10 # 132 COL. SAN PEDRO DE LOS PINOS CP. 1180 DEL. O MPIO. ALVARO OBREGÓN,19.3896383,-99.1918946
4,11,4,WALMART EXPRESS,Superama CALZ LAS AGUILAS # 1819,19.3424915,-99.2481777
4,11,5,Farmacia del Ahorro,AVENIDA HACIENDA MARTIN CABALLERO HUIXQUILUCAN,19.3920551,-99.2897413
4,12,0,Farmacia del Ahorro,AV. CONSCRIPTO MIGUEL HIDALGO,19.4374116,-99.2295686
4,12,1,WALMART EXPRESS,BLVD. MAGNOCENTRO # 35 COL. SAN FERNANDO LA HERRRADURA CP. 52784 DEL. O MPIO. HUIXQUILUCAN,19.4203123,-99.2494728
4,12,2,WALMART EXPRESS,Superama PASEO DE LILAS # 92,19.387612,-99.2479528
4,12,3,Nutrisa,AV. VASCO DE QUIROGA # 3850 COL. SANTA FE CP. 5109 DEL. O MPIO. CUAJIMALPA,19.3683056,-99.2583886
4,12,4,SUPERCENTER,Supercenter BLVD PASEO INTERLOMAS 5,19.3988317,-99.2884339
4,12,5,SUPERCENTER,Supercenter BLVD PASEO INTERLOMAS 5,19.3988317,-99.2884339
4,13,0,SUPERCENTER,Supercenter JOSE MA CASTORENA # 470 II A,19.3631197,-99.2872985
4,13,1,Farmacia del Ahorro,AV. VASCO DE QUIROGA ALVARO OBREGON,19.3802939,-99.2432883
4,13,2,WALMART EXPRESS,Superama AV DE LOS BOSQUES # 234,19.4066162,-99.2568189
4,13,3,WALMART EXPRESS,Superama AV DE LOS BOSQUES # 234,19.4066162,-99.2568189
4,13,4,SUPER CHEDRAUI,"City Fresko BOSQUE DE MOCTEZUMA NO. 1 LOTE B Y C COLONIA LA HERRADURA 3A. SECCION XX   C.P. 52784   HUIXQUILUCAN,   ESTADO DE MEXICO",19.4210237,-99.2446309
4,13,5,Farmacia del Ahorro,BARRANQUILLA MIGUEL HIDALGO,19.4052213,-99.1978536
4,14,0,Farmacia del Ahorro,A RUIZ CORTINEZ ALVARO OBREGON,19.3605334,-99.2267067
4,14,1,Farmacia del Ahorro,PROL. PASEO DE LA REFORMA CUAJIMALPA DE MORELOS,19.3709729,-99.2652242
4,14,2,WALMART EXPRESS,"VIALIDAD DE LA BARRANCA 6-LOCAL 17, COL. EX HACIENDA JESÚS DEL MONTE, BOSQUE DE LAS PALMAS, 52787 NAUCALPAN DE JUÁREZ, MÉX.",19.3973512,-99.282199
4,14,3,WALMART EXPRESS,"VIALIDAD DE LA BARRANCA 6-LOCAL 17, COL. EX HACIENDA JESÚS DEL MONTE, BOSQUE DE LAS PALMAS, 52787 NAUCALPAN DE JUÁREZ, MÉX.",19.3973512,-99.282199
4,14,4,WALMART EXPRESS,Superama AV DE LOS BOSQUES # 234,19.4066162,-99.2568189
4,14,5,Farmacia del Ahorro,AV INGENIEROS MILITARES MIGUEL HIDALGO,19.4468479,-99.2172859
4,15,0,CHED SELECTO,008 CIUDAD DE MEXICO CHEDRAUI SELECTO MEXICO SANTA FE 09-13,19.3599723,-99.2745208
4,15,1,CHEDRAUI,"Fresko AV.PROL.BOSQUES DE REFORMA #1813 COL. VISTA HERMOSA. XX   C.P. 5100   CUAJIMALPA,   ESTADO DE MEXICO",19.3825428,-99.2676879
4,15,2,WALMART EXPRESS,Superama AV DE LOS BOSQUES # 234,19.4066162,-99.2568189
4,15,3,WALMART EXPRESS,BLVD. MAGNOCENTRO # 35 COL. SAN FERNANDO LA HERRRADURA CP. 52784 DEL. O MPIO. HUIXQUILUCAN,19.4203123,-99.2494728
4,15,4,Farmacia del Ahorro,PUENTE DE TECAMACHALCO NAUCALPAN DE JUAREZ,19.4300132,-99.2243762
4,15,5,Farmacia del Ahorro,CALLE 11 ALVARO OBREGON,19.375063,-99.2074586
4,16,0,BODEGA AURRERA,Supercenter BLVD MAGNOCENTRO # 35 MZ II LT,19.405822,-99.2729528
4,16,1,BODEGA AURRERA,Supercenter BLVD MAGNOCENTRO # 35 MZ II LT,19.405822,-99.2729528
4,16,2,WALMART EXPRESS,Superama BOSQUES DE MINAS # 33,19.4224741,-99.2599365
4,16,3,CHEDRAUI,"Fresko AV DE LAS FUENTES 190 COL LOMAS DE TECAMACHALCO HUIXQUILUCAN EDO DE ME XX   C.P. 53950   HUIXQUILUCAN,   ESTADO DE MEXICO",19.421515,-99.2381589
4,16,4,CHED SELECTO,008 CIUDAD DE MEXICO CHEDRAUI SELECTO MEXICO SANTA FE 09-13,19.3599723,-99.2745208
4,16,5,WALMART EXPRESS,Superama CALZ LAS AGUILAS # 1819,19.3424915,-99.2481777
4,17,0,SUPERCENTER,Superama AV JESUS DEL MONTE # 37,19.3952547,-99.2891437
4,17,1,WALMART EXPRESS,Superama PASEO DE LILAS # 92,19.387612,-99.2479528
4,17,2,WALMART EXPRESS,BLVD. MAGNOCENTRO # 35 COL. SAN FERNANDO LA HERRRADURA CP. 52784 DEL. O MPIO. HUIXQUILUCAN,19.4203123,-99.2494728
4,17,3,CHEDRAUI,"Fresko AV DE LAS FUENTES 190 COL LOMAS DE TECAMACHALCO HUIXQUILUCAN EDO DE ME XX   C.P. 53950   HUIXQUILUCAN,   ESTADO DE MEXICO",19.421515,-99.2381589
4,17,4,SUPERCENTER,Superama AV DE LAS FUENTES # 174,19.4221947,-99.2374662
4,17,5,WALMART EXPRESS,Superama CALZ LAS AGUILAS # 1819,19.3424915,-99.2481777
4,18,0,Farmacia del Ahorro,AV. CONSCRIPTO MIGUEL HIDALGO,19.4374116,-99.2295686
4,18,1,CHED SELECTO,"City Market BOULEVAR MAGNOCENTRO NO.26 MANZANA 1 LOTE 2 SN.FERNANDO LA HERADURA HU XX   C.P. 52765   HUIXQUILUCAN,   ESTADO DE MEXICO",19.4057702,-99.2730877
4,18,2,SUPERCENTER,Superama AV JESUS DEL MONTE # 37,19.3952547,-99.2891437
4,19,0,CHEDRAUI,"City Market AV SAN JERONIMO NO 190 COL LA OTRA BANDA DELEGACION COYOACAN XX   C.P. 04510   SUR,   CIUDAD DE MEXICO",19.3355011,-99.1960415
4,19,1,CHEDRAUI,"City Market AV SAN JERONIMO NO 190 COL LA OTRA BANDA DELEGACION COYOACAN XX   C.P. 04510   SUR,   CIUDAD DE MEXICO",19.3355011,-99.1960415
4,19,2,Farmacia del Ahorro,AV. AZTECAS COYOACAN,19.3226871,-99.1607032
4,19,3,Nutrisa,UBICADA EN MIGUEL A. DE QUEVEDO # 443 COL. ROMERO DE TERREROS CP. 4310 DEL. O MPIO. COYOACÁN,19.34301,-99.14906
4,19,4,Farmacia del Ahorro,CALZ. NUEVA ERMITA IZTAPALAPA IZTAPALAPA,19.3568595,-99.1130478
4,19,5,Farmacia del Ahorro,CARRETERA PICACHO AJUSCO TLALPAN,19.2795067,-99.2123075
4,20,0,CHED SELECTO,008 CIUDAD DE MEXICO CHEDRAUI MEXICO XOCHIMILCO 12-13,19.2572314,-99.1029664
4,20,1,Farmacia del Ahorro,DIVISION DEL NORTE COYOACAN,19.3285302,-99.1425043
4,20,2,SUPERCENTER,Supercenter AV UNIVERSIDAD # 936 A,19.3686975,-99.1641264
4,20,3,SUPERCENTER,Superama HERIBERTO FRIAS # 1107,19.3818281,-99.1625887
4,20,4,CITY MARKET,"La Comer AV.LAS TORRES#446 COL.OLIVAR DE LOS PADRES XX   C.P. 01780   CENTRO,   CIUDAD DE MEXICO",19.3346001,-99.2267744
4,20,5,Farmacia del Ahorro,CARRETERA PICACHO AJUSCO TLALPAN,19.2795067,-99.2123075
4,21,0,SUPERCENTER,Superama BLVD PICACHO AJUSCO # 8,19.3024453,-99.2067979
4,21,1,Farmacia del Ahorro,CALZ. DE TLALPAN TLALPAN,19.2959042,-99.154345
4,21,2,SUPERCENTER,Superama MAYORAZGO 130,19.3589842,-99.1674276
4,21,3,FRESKO,"La Comer PERPETUA #35  COL. SAN JOSE INSURGENTES XX   C.P. 03900   BENITO JUAREZ,   CIUDAD DE MEXICO",19.3662814,-99.1816531
4,21,4,SUPERCENTER,Superama AV REVOLUCION # 1151,19.3649804,-99.1895317
4,21,5,Nutrisa,CALZADA DE TLALPAN # 1037 COL. NATIVITAS CP. 3500 DEL. O MPIO. BENITO JUÁREZ,19.380356,-99.1411184
4,22,0,SUPER CHEDRAUI,"Fresko AV. MIGUEL ANGEL DE QUEVEDO NO. 1144 COL. PARQUE SAN ANDRES XX   C.P. 04040   COYOACAN,   CIUDAD DE MEXICO",19.3425867,-99.1465772
4,22,1,Farmacia del Ahorro,CALZ. DE TLALPAN BENITO JUAREZ,19.3793903,-99.140065
4,22,2,SUPERCENTER,Supercenter CALZ DE TLALPAN # 1037,19.380356,-99.1411184
4,22,3,SUPERCENTER,Superama CALZ DE LOS LEONES 242,19.3577363,-99.197996
4,22,4,WALMART EXPRESS,Superama AV REVOLUCION # 1817,19.3416616,-99.1913963
4,22,5,WALMART EXPRESS,AV. SAN FERNANDO # 649 COL. PEÑA POBRE CP. 14060 DEL. O MPIO. COYOACÁN,19.2981371,-99.1815197
4,23,0,Nutrisa,ANILLO PERIFERICO SUR # 5550 COL. COLONIA AJUSCO CP. 4700 DEL. O MPIO. COYOACÁN,19.3215486,-99.1608372
4,23,1,BODEGA AURRERA,Supercenter AV COPILCO # 164,19.3382654,-99.1842526
4,23,2,WALMART EXPRESS,AV. UNIVERSIDAD # 1894 COL. OXTOPULCO UNIVERSIDAD CP. 4350 DEL. O MPIO. ALVARO OBREGÓN,19.341832,-99.181451
4,23,3,Nutrisa,BLVD. ADOLFO LÓPEZ MATEOS # 1701 COL. UNIDAD HABITACIONAL LOMAS DE PLATEROS CP. 1480 DEL. O MPIO. ALVARO OBREGÓN,19.3575148,-99.1952409
4,23,4,Farmacia del Ahorro,CARRTERA PICACHO AJUSCO TLALPAN,19.2795067,-99.2123075
4,23,5,SUPERCENTER,Supercenter AVE CANAL DE MIRAMONTES # 3520,19.2936435,-99.1252539
5,0,0,Farmacia del Ahorro,AV PANTITLAN NEZAHUALCOYOTL,19.3913726,-99.0108764
5,0,1,Farmacia del Ahorro,QUETZALLI CHIMALHUACAN,19.3912577,-98.9511853
5,0,2,Farmacia del Ahorro,VASCO DE QUIROGA IZTAPALAPA,19.3358625,-99.0636721
5,0,3,Farmacia del Ahorro,CALZ. ERMITA IZTAPALAPA IZTAPALAPA,19.348785,-99.0698232
5,0,4,BODEGA AURRERA,Supercenter AVE TLAHUAC # 5662,19.3190332,-99.0769068
5,0,5,Farmacia del Ahorro,AV. CUAUHTEMOC CHALCO,19.2696851,-98.8925198
5,1,0,Farmacia del Ahorro,AVENIDA DEL PEÑON CHIMALHUACAN,19.4278606,-98.9636956
5,1,1,Farmacia del Ahorro,CALZ. ERMITA IZTAPALAPA IZTAPALAPA,19.348785,-99.0698232
5,1,2,BODEGA AURRERA,Supercenter AVE TLAHUAC # 5662,19.3190332,-99.0769068
5,1,3,Farmacia del Ahorro,AV. TLAHUAC IZTAPALAPA,19.3138936,-99.0700497
5,1,4,Farmacia del Ahorro,GUADALUPE I. RAMIREZ  XOCHIMILCO,19.2601026,-99.0332245
5,1,5,Farmacia del Ahorro,AV. CUAHUTEMOC XOCHIMILCO,19.2471826,-99.0566622
5,2,0,Farmacia del Ahorro,MADRUGADA NEZAHUALCOYOTL,19.4172936,-99.01861
5,2,1,Farmacia del Ahorro,AV. JAVIER ROJO GOMEZ IZTAPALAPA,19.3788783,-99.0773773
5,2,2,Farmacia del Ahorro,AV ERMITA IZTAPALAPA IZTAPALAPA,19.348785,-99.0698232
5,2,3,SUMESA,Bodega ERMITA IZTAPALAPA # 2013,19.3429911,-99.0419177
5,2,4,BODEGA AURRERA,Supercenter AVE TLAHUAC # 5662,19.3190332,-99.0769068
5,2,5,Farmacia del Ahorro,CALZADA ERMITA IZTAPALAPA IZTAPALAPA,19.3553603,-99.0997712
5,3,0,SUMESA,Bodega ERMITA IZTAPALAPA # 2013,19.3429911,-99.0419177
5,3,1,Farmacia del Ahorro,VASCO DE QUIROGA IZTAPALAPA,19.3358625,-99.0636721
5,3,2,Farmacia del Ahorro,ERMITA IZTAPALAPA IZTAPALAPA,19.348785,-99.0698232
5,3,3,Farmacia del Ahorro,AV PORTAL DE LAS FLORES MZ13 IZTAPALAPA,19.3819781,-99.0788231
5,3,4,Farmacia del Ahorro,AV. TLAHUAC IZTAPALAPA,19.3138936,-99.0700497
5,3,5,Farmacia del Ahorro,GUADALUPE I. RAMIREZ  XOCHIMILCO,19.2601026,-99.0332245
5,4,0,Farmacia del Ahorro,MADRUGADA NEZAHUALCOYOTL,19.4172936,-99.01861
5,4,1,Nutrisa,Nutrisa PLAZA CENTRAL,19.3770612,-99.095518
5,4,2,BODEGA AURRERA,Supercenter AVE TLAHUAC # 5662,19.3190332,-99.0769068
5,4,3,Farmacia del Ahorro,AV. LA TURBA TLAHUAC,19.2905443,-99.0567894
5,4,4,Farmacia del Ahorro,AV. TLAHUAC-CHALCO TLAHUAC,19.2565613,-98.9555244
5,4,5,Farmacia del Ahorro,AV. TLAHUAC-CHALCO TLAHUAC,19.2565613,-98.9555244
5,5,0,Nutrisa,Nutrisa WM TLALPAN,19.3077039,-99.0602687
5,5,1,Farmacia del Ahorro,ERMITA IZTAPALAPA IZTAPALAPA,19.348785,-99.0698232
5,5,2,Farmacia del Ahorro,AV PORTAL DE LAS FLORES MZ13 IZTAPALAPA,19.3819781,-99.0788231
5,5,3,FRESKO,"La Comer CALZ. ERMITA IZTAPALAPA NO.3865 COL.STA MARIA AZTAHUACAN ESQ.AV.LAS TO XX   C.P. 9730   CENTRO,   CIUDAD DE MEXICO",19.345108,-99.0222717
5,5,4,FRESKO,"La Comer CALZ. ERMITA IZTAPALAPA NO.3865 COL.STA MARIA AZTAHUACAN ESQ.AV.LAS TO XX   C.P. 9730   CENTRO,   CIUDAD DE MEXICO",19.345108,-99.0222717
5,5,5,Farmacia del Ahorro,AV PANTITLAN NEZAHUALCOYOTL,19.3913726,-99.0108764
5,6,0,Farmacia del Ahorro,AV. LA TURBA TLAHUAC,19.2905443,-99.0567894
5,6,1,Farmacia del Ahorro,AV. CUAHUTEMOC XOCHIMILCO,19.2471826,-99.0566622
5,6,2,Farmacia del Ahorro,AV TLAHUAC TLAHUAC,19.2605323,-99.0090631
5,6,3,FRESKO,"La Comer CALZ. ERMITA IZTAPALAPA NO.3865 COL.STA MARIA AZTAHUACAN ESQ.AV.LAS TO XX   C.P. 9730   CENTRO,   CIUDAD DE MEXICO",19.345108,-99.0222717
5,6,4,Farmacia del Ahorro,AV ERMITA IZTAPALAPA IZTAPALAPA,19.348785,-99.0698232
5,6,5,Farmacia del Ahorro,QUETZALLI CHIMALHUACAN,19.3912577,-98.9511853
5,7,0,Farmacia del Ahorro,JAVIER ROJO GOMEZ IZTACALCO,19.40002,-99.07235
5,7,1,Farmacia del Ahorro,JAVIER ROJO GOMEZ IZTACALCO,19.40002,-99.07235
5,7,2,Farmacia del Ahorro,AV. JAVIER ROJO GOMEZ IZTAPALAPA,19.3788783,-99.0773773
5,7,3,Farmacia del Ahorro,CANAL DE TEZONTLE IZTAPALAPA,19.3838871,-99.091867
5,7,4,Nutrisa,AV. TLAHUAC # 4409 COL. LOMAS ESTELLA CP. 9890 DEL. O MPIO. IZTAPALAPA,19.3213273,-99.0943539
5,7,5,SUMESA,Bodega ERMITA IZTAPALAPA # 2013,19.3429911,-99.0419177
5,8,0,Farmacia del Ahorro,AV. CUAUHTEMOC CHALCO,19.2696851,-98.8925198
5,8,1,Farmacia del Ahorro,AV TLAHUAC TLAHUAC,19.2605323,-99.0090631
5,8,2,Farmacia del Ahorro,CALZADA ERMITA IZTAPALAPA IZTAPALAPA,19.3553603,-99.0997712
5,8,3,Nutrisa,AV. RÍO CHURUBUSCO ESQ. CANAL DE APATLACO # 1635 COL. CENTRAL DE ABASTOS CP. 9040 DEL. O MPIO. IZTAPALAPA,19.3799905,-99.09791
5,8,4,Farmacia del Ahorro,CANAL DE TEZONTLE IZTAPALAPA,19.3838871,-99.091867
5,8,5,Farmacia del Ahorro,AVENIDA DEL PEÑON CHIMALHUACAN,19.4278606,-98.9636956
5,9,0,FRESKO,"La Comer CALZ. ERMITA IZTAPALAPA NO.3865 COL.STA MARIA AZTAHUACAN ESQ.AV.LAS TO XX   C.P. 9730   CENTRO,   CIUDAD DE MEXICO",19.345108,-99.0222717
5,9,1,SUMESA,Bodega ERMITA IZTAPALAPA # 2013,19.3429911,-99.0419177
5,10,0,CHED SELECTO,008 CIUDAD DE MEXICO CHEDRAUI MEXICO PLAZA AMERICAS 07-12,19.3129837,-99.1356244
5,10,1,SUPER CHEDRAUI,"Fresko AV. MIGUEL ANGEL DE QUEVEDO NO. 1144 COL. PARQUE SAN ANDRES XX   C.P. 04040   COYOACAN,   CIUDAD DE MEXICO",19.3425867,-99.1465772
5,10,2,SUPERCENTER,Superama HERIBERTO FRIAS # 1107,19.3818281,-99.1625887
5,10,3,Nutrisa,Nutrisa PLAZA LORETO,19.3388888,-99.1925269
5,10,4,Farmacia del Ahorro,AV. CANAL DE MIRAMONTES TLALPAN,19.2711339,-99.1916322
5,10,5,Farmacia del Ahorro,CALZ. DE ARENAL XOCHIMILCO,19.2806858,-99.1409494
5,11,0,WALMART EXPRESS,AV. UNIVERSIDAD # 1000 COL. SANTA CRUZ ATOYAC CP. 3310 DEL. O MPIO. BENITO JUÁREZ,19.3670932,-99.1659742
5,11,1,FRESKO,"La Comer MIGUEL ANGEL DE QUEVEDO NO 443 ROMERO DE TERREROS  CIUDAD DE MEXICO XX   C.P. 04310   CENTRO,   CIUDAD DE MEXICO",19.3451402,-99.1718753
5,11,2,FRESKO,"La Comer MIGUEL ANGEL DE QUEVEDO NO 443 ROMERO DE TERREROS  CIUDAD DE MEXICO XX   C.P. 04310   CENTRO,   CIUDAD DE MEXICO",19.3451402,-99.1718753
5,11,3,WALMART EXPRESS,ALTAMIRANO # 46 COL. TIZAPAN DE SAN ANGEL CP. 1090 DEL. O MPIO. ALVARO OBREGÓN,19.3391339,-99.1934976
5,11,4,WALMART EXPRESS,Superama AV TOLUCA # 511,19.3395079,-99.2188982
5,11,5,Farmacia del Ahorro,CANAL DE MIRAMONTES COYOACAN,19.3240185,-99.1349589
5,12,0,Farmacia del Ahorro,CALZ. NUEVA ERMITA IZTAPALAPA IZTAPALAPA,19.3568595,-99.1130478
5,12,1,Farmacia del Ahorro,DIV. DEL NORTE COYOACAN,19.3285302,-99.1425043
5,12,2,LA COMER,"Sumesa COMUNAL #7 ESQ. AV. REVOLUCION COL. SAN ANGEL DELEG. ALVARO OBREGON. XX   C.P. 01000   CENTRO,   CIUDAD DE MEXICO",19.3462906,-99.1900051
5,12,3,Farmacia del Ahorro,AV. CONTRERAS LA MAGDALENA CONTRERAS,19.3251469,-99.2174914
5,12,4,Farmacia del Ahorro,BELISARIO DOMINGUEZ COYOACAN,19.293493,-99.1807855
5,12,5,CHED SELECTO,008 CIUDAD DE MEXICO CHEDRAUI MEXICO XOCHIMILCO 12-13,19.2572314,-99.1029664
5,13,0,SUPER CHEDRAUI,"Fresko AV. MIGUEL ANGEL DE QUEVEDO NO. 1144 COL. PARQUE SAN ANDRES XX   C.P. 04040   COYOACAN,   CIUDAD DE MEXICO",19.3425867,-99.1465772
5,13,1,Farmacia del Ahorro,AVENIDA DIV. DEL NORTE COYOACAN,19.3285302,-99.1425043
5,13,2,Farmacia del Ahorro,AV SAN FERNANDO TLALPAN,19.2931586,-99.1700667
5,13,3,SUPERCENTER,Supercenter AV CENTRO COMERCIAL # 190,19.3064068,-99.1873094
5,13,4,WALMART EXPRESS,Superama AV CONTRERAS # 386,19.3213415,-99.2218556
5,13,5,Farmacia del Ahorro,AV. MEXICO LA MAGDALENA CONTRERAS,19.3121043,-99.22605
5,14,0,FRESKO,"La Comer PERPETUA #35  COL. SAN JOSE INSURGENTES XX   C.P. 03900   BENITO JUAREZ,   CIUDAD DE MEXICO",19.3662814,-99.1816531
5,14,1,Farmacia del Ahorro,PEDRO ENRIQUE UREÑA COYOACAN,19.3353452,-99.1638194
5,14,2,SUPERCENTER,Supercenter INSURGENTES SUR # 4177,19.2840103,-99.1758052
5,14,3,Farmacia del Ahorro,AV. PROLONGACION DIVISION DEL NORTE TLALPAN,19.2793651,-99.1230282
5,14,4,Farmacia del Ahorro,AV. CONTRERAS LA MAGDALENA CONTRERAS,19.3251469,-99.2174914
5,14,5,Farmacia del Ahorro,HEROES DE PADIERNA LA MAGDALENA CONTRERAS,19.3146843,-99.2238312
5,15,0,SUPERCENTER,Superama AVE COYOACAN # 116,19.3437444,-99.1561883
5,15,1,Farmacia del Ahorro,AV. MEXICO COYOACAN BENITO JUAREZ,19.364928,-99.1630182
5,15,2,Farmacia del Ahorro,MATIAS ROMERO BENITO JUAREZ,19.3791493,-99.1604545
5,15,3,SUPERCENTER,Superama HERIBERTO FRIAS # 1107,19.3818281,-99.1625887
5,15,4,SUPERCENTER,Supercenter CALZ DE TLALPAN # 1037,19.380356,-99.1411184
5,15,5,Farmacia del Ahorro,AV. INSURGENTES ALVARO OBREGON,19.3417227,-99.1895966
5,16,0,Farmacia del Ahorro,CALZADA DE ACOXPA TLALPAN,19.2955124,-99.1319603
5,16,1,Nutrisa,AV. ACOXPA # 436 COL. EX HACIENDA COAPA CP. 14308 DEL. O MPIO. COYOACÁN,19.2976681,-99.1372092
5,16,2,Farmacia del Ahorro,AV. AZTECAS COYOACAN,19.3226871,-99.1607032
5,16,3,WALMART EXPRESS,Superama AVE PERIF SUR # 5270,19.3034579,-99.1723665
5,16,4,LA COMER,"Sumesa AV.CENTENARIO #227 COL.DEL CARMEN COYOACAN DELEG. COYOACAN. XX   C.P. 04100   CENTRO,   CIUDAD DE MEXICO",19.3502583,-99.1622585
5,16,5,SUPERCENTER,Supercenter CALZ DE LAS AGUILAS # 820,19.3528526,-99.2153484
5,17,0,Nutrisa,ANILLO PERIFÉRICO SUR # 4690 COL. JARDINES DEL PEDREGAL DE SAN ANGEL CP. 4500 DEL. O MPIO. COYOACÁN,19.3045316,-99.1911815
5,17,1,Farmacia del Ahorro,RIO MAGDALENA ALVARO OBREGON,19.337654,-99.1963637
5,17,2,WALMART EXPRESS,AV. UNIVERSIDAD # 1894 COL. OXTOPULCO UNIVERSIDAD CP. 4350 DEL. O MPIO. ALVARO OBREGÓN,19.341832,-99.181451
5,17,3,CHEDRAUI,"City Market AV COYOACAN NO 1061 COLONIA DEL VALLE DELEG BENITO JUAREZ  CIUDAD DE M XX   C.P. 03100   BENITO JUAREZ,   CIUDAD DE MEXICO",19.3789808,-99.1696169
5,17,4,Nutrisa,AV. RIO CHURUBUSCO # 583 COL. SECTOR POPULAR CP. 9060 DEL. O MPIO. IZTAPALAPA,19.3687387,-99.1217709
5,17,5,Farmacia del Ahorro,AV. SANTA ANA COYOACAN,19.329123,-99.1212867
5,18,0,WALMART EXPRESS,CARR. PICACHO AJUSCO # 175 COL. HÉROES DE PADIERNA CP. 14200 DEL. O MPIO. TLALPAN,19.2871707,-99.2184909
5,18,1,WALMART EXPRESS,AV. SAN JERÓNIMO # 630 COL. LA OTRA BANDA CP. 10200 DEL. O MPIO. ALVARO OBREGÓN,19.3262082,-99.2114565
5,18,2,Farmacia del Ahorro,AV UNIVERSIDAD BENITO JUAREZ,19.3670043,-99.1672531
5,18,3,Farmacia del Ahorro,AV. COYOACAN BENITO JUAREZ,19.3793293,-99.1690698
5,18,4,Farmacia del Ahorro,GANADEROS IZTAPALAPA,19.3499959,-99.1129453
5,18,5,WALMART EXPRESS,CALZ. DEL HUESO # 519 COL. RESIDENCIAL ACOXPA CP. 14300 DEL. O MPIO. COYOACÁN,19.3026292,-99.1233066
5,19,0,WALMART EXPRESS,Superama AV TOLUCA # 511,19.3395079,-99.2188982
5,19,1,Farmacia del Ahorro,AV. MEXICO LA MAGDALENA CONTRERAS,19.3121043,-99.22605
5,19,2,SUPERCENTER,Superama INSURGENTES SUR 4120,19.2820438,-99.1732746
5,19,3,Nutrisa,"CALZ. ACOXPA #610, COL. VILLA COAPA, ALC. TLALPAN,  C.P. 14390, CDMX",19.2933367,-99.1280291
5,19,4,WALMART EXPRESS,CALZ. DEL HUESO # 519 COL. RESIDENCIAL ACOXPA CP. 14300 DEL. O MPIO. COYOACÁN,19.3026292,-99.1233066
5,19,5,Farmacia del Ahorro,PROLONGACION DIVILON DEL NORTE XOCHIMILCO,19.2793651,-99.1230282
5,20,0,SUPERCENTER,Supercenter AV CENTRO COMERCIAL # 190,19.3064068,-99.1873094
5,20,1,SUPERCENTER,Supercenter INSURGENTES SUR # 4177,19.2840103,-99.1758052
5,20,2,WALMART EXPRESS,CARR. PICACHO AJUSCO # 175 COL. HÉROES DE PADIERNA CP. 14200 DEL. O MPIO. TLALPAN,19.2871707,-99.2184909
5,20,3,CITY MARKET,"La Comer AV.LAS TORRES#446 COL.OLIVAR DE LOS PADRES XX   C.P. 01780   CENTRO,   CIUDAD DE MEXICO",19.3346001,-99.2267744
5,20,4,LA COMER,"Sumesa COMUNAL #7 ESQ. AV. REVOLUCION COL. SAN ANGEL DELEG. ALVARO OBREGON. XX   C.P. 01000   CENTRO,   CIUDAD DE MEXICO",19.3462906,-99.1900051
5,20,5,SUPERCENTER,Superama EJE 7 FELIX CUEVAS # 374,19.3730258,-99.1728738
5,21,0,CHEDRAUI,"City Market AV SAN JERONIMO NO 190 COL LA OTRA BANDA DELEGACION COYOACAN XX   C.P. 04510   SUR,   CIUDAD DE MEXICO",19.3355011,-99.1960415
5,21,1,Farmacia del Ahorro,AV. REVOLUCION ALVARO OBREGON,19.3692081,-99.1885131
5,21,2,WALMART EXPRESS,Superama AVE PERIF SUR # 5270,19.3034579,-99.1723665
5,21,3,Nutrisa,Nutrisa PASEO ACOXPA,19.2986818,-99.1370451
5,21,4,Farmacia del Ahorro,CALZADA ERMITA IZTAPALAPA COYOACAN,19.3577129,-99.1210849
5,21,5,Farmacia del Ahorro,TRABAJADORES SOCIALES IZTAPALAPA,19.3735369,-99.1122378
5,22,0,Nutrisa,Nutrisa OASIS COYOACAN,19.3453672,-99.1799137
5,22,1,CHED SELECTO,"Sumesa AV.CENTENARIO #227 COL.DEL CARMEN COYOACAN DELEG. COYOACAN. XX   C.P. 04100   CENTRO,   CIUDAD DE MEXICO",19.3502583,-99.1622585
5,22,2,SUPERCENTER,Supercenter AV UNIVERSIDAD # 936 A,19.3686975,-99.1641264
5,22,3,Nutrisa,Nutrisa PORTAL CHURUBUSCO,19.3687725,-99.1217056
5,22,4,Farmacia del Ahorro,DIVISION DEL NORTE COYOACAN,19.3285302,-99.1425043
5,22,5,SUPERCENTER,Superama BLVD PICACHO AJUSCO # 8,19.3024453,-99.2067979
5,23,0,WALMART EXPRESS,Superama AV CONTRERAS # 386,19.3213415,-99.2218556
5,23,1,Farmacia del Ahorro,CARRTERA PICACHO AJUSCO TLALPAN,19.2795067,-99.2123075
5,23,2,Farmacia del Ahorro,EJE 10 SUR-AV. PEDRO ENRIQUEZ UREÑA COYOACAN,19.3360581,-99.1761802
5,23,3,Farmacia del Ahorro,MADRID COYOACAN,19.3437444,-99.1561883
5,23,4,FRESKO,"La Comer PERPETUA #35  COL. SAN JOSE INSURGENTES XX   C.P. 03900   BENITO JUAREZ,   CIUDAD DE MEXICO",19.3662814,-99.1816531
5,23,5,CHEDRAUI,"City Market AV COYOACAN NO 1061 COLONIA DEL VALLE DELEG BENITO JUAREZ  CIUDAD DE M XX   C.P. 03100   BENITO JUAREZ,   CIUDAD DE MEXICO",19.3789808,-99.1696169
6,0,0,Farmacia del Ahorro,CTO. BOSQUES DE BOLOGNIA CUAUTITLAN IZCALLI,19.6162042,-99.2399085
6,0,1,Farmacia del Ahorro,CALLE 1 DE MAYO CUAUTITLAN IZCALLI,19.6480767,-99.2084286
6,0,2,SUMESA,Supercenter AV CHALMA # 281,19.6711954,-99.2049104
6,0,3,Nutrisa,AV. PROLONGACIÓN MORELOS # S/N COL. SANTA MARÍA CP. 54800 DEL. O MPIO. CUAUTITLÁN IZCALLI,19.6693002,-99.1706261
6,0,4,SUMESA,Supercenter CARR CUAUTITLAN TULTEPEC # 2,19.6848383,-99.1295326
6,0,5,Nutrisa,BLVD. ARTURO MONTIEL # KM 10.7 COL. AMPLIACIÓN VISTA HERMOSA CP. 54400 DEL. O MPIO. NICOLAS ROMERO,19.6162033,-99.3001181
6,1,0,SUMESA,Supercenter CARR CUAUTITLAN TULTEPEC # 2,19.6848383,-99.1295326
6,1,1,WALMART EXPRESS,AV. 1 DE MAYO ESQ. AV. HUIXQUILUCAN Y AV. CONSTITUCIÓN # S/N COL. CENTRO CP. 2800 DEL. O MPIO. CUAUTITLÁN,19.6569606,-99.1962005
6,1,2,SUMESA,Supercenter AV CHALMA # 281,19.6711954,-99.2049104
6,1,3,SUMESA,Supercenter AV CHALMA # 281,19.6711954,-99.2049104
6,1,4,Nutrisa,"CAMINO A LAGO DE GUADALUPE S/N, LOC.12 COL. BARRIENTOS, ATIZAPAN DE ZARAGOZA, ESTADO DE MÉXICO, CP 54010",19.6403141,-99.272098
6,1,5,SUPERCENTER,Supercenter BLVD ARTURO MONTIEL ROJAS MAS,19.6040842,-99.2778752
6,2,0,SUPERCENTER,Supercenter BLVD ARTURO MONTIEL ROJAS MAS,19.6040842,-99.2778752
6,2,1,SUPERCENTER,Supercenter BLVD ARTURO MONTIEL ROJAS MAS,19.6040842,-99.2778752
6,2,2,Nutrisa,AV. HACIENDA SIERRA VIEJA. # 2 COL. FRACC. HACIENDA DEL PARQUE CP. 54769 DEL. O MPIO. CUAUTITLÁN,19.6021727,-99.1916473
6,2,3,SUPERCENTER,Supercenter VIA LOPEZ PORTILLO # 2,19.617013,-99.1788868
6,2,4,SUMESA,Supercenter AV CHALMA # 281,19.6711954,-99.2049104
6,2,5,SUMESA,Supercenter CARR CUAUTITLAN TULTEPEC # 2,19.6848383,-99.1295326
6,3,0,Farmacia del Ahorro,AV PASEO DEL BOSQUE CUAUTITLAN IZCALLI,19.6325217,-99.2291059
6,3,1,Farmacia del Ahorro,AV PASEO DEL BOSQUE CUAUTITLAN IZCALLI,19.6325217,-99.2291059
6,3,2,WALMART EXPRESS,AV. 1 DE MAYO ESQ. AV. HUIXQUILUCAN Y AV. CONSTITUCIÓN # S/N COL. CENTRO CP. 2800 DEL. O MPIO. CUAUTITLÁN,19.6569606,-99.1962005
6,3,3,Nutrisa,AV. HUEHUETOCA LOTE 1 # S/N COL. EX HACIENDA SAN MIGUEL CP. 54715 DEL. O MPIO. CUAUTITLÁN IZCALLI,19.6866634,-99.2099739
6,3,4,SUPERCENTER,Supercenter VIA LOPEZ PORTILLO # 2,19.617013,-99.1788868
6,3,5,Nutrisa,FRACCION 3 RANCHO LA PALMA VIA JOSE LOPEZ PORTILLO # S/N COL. COACALCO CP. 55717 DEL. O MPIO. COACALCO DE BERRIOZABAL,19.6289765,-99.1347017
6,4,0,SUPERCENTER,Supercenter VIA LOPEZ PORTILLO # 2,19.617013,-99.1788868
6,4,1,Farmacia del Ahorro,CALLE 1 DE MAYO CUAUTITLAN IZCALLI,19.6480767,-99.2084286
6,4,2,WALMART EXPRESS,AV. 1 DE MAYO ESQ. AV. HUIXQUILUCAN Y AV. CONSTITUCIÓN # S/N COL. CENTRO CP. 2800 DEL. O MPIO. CUAUTITLÁN,19.6569606,-99.1962005
6,4,3,Farmacia del Ahorro,CTO. BOSQUES DE BOLOGNIA CUAUTITLAN IZCALLI,19.6162042,-99.2399085
6,4,4,SUPERCENTER,Supercenter BLVD ARTURO MONTIEL ROJAS MAS,19.6040842,-99.2778752
6,4,5,SUMESA,Supercenter CARR CUAUTITLAN TULTEPEC # 2,19.6848383,-99.1295326
6,5,0,WALMART EXPRESS,AV. 1 DE MAYO ESQ. AV. HUIXQUILUCAN Y AV. CONSTITUCIÓN # S/N COL. CENTRO CP. 2800 DEL. O MPIO. CUAUTITLÁN,19.6569606,-99.1962005
6,5,1,SUPERCENTER,Supercenter VIA LOPEZ PORTILLO # 2,19.617013,-99.1788868
6,6,0,Farmacia del Ahorro,SAN BOSCO TLALPAN,19.2971646,-99.1485004
6,6,1,WALMART EXPRESS,Superama CALZ DE TLALPAN # 4467,19.2954137,-99.1560986
6,6,2,WALMART EXPRESS,Superama CALZ DE TLALPAN # 4467,19.2954137,-99.1560986
6,6,3,Nutrisa,Nutrisa P. GRAN SUR,19.3047237,-99.1655408
6,6,4,Nutrisa,"INSURGENTES SUR NO. 4177, COLONIA SANTA URSULA XITLA, DELEGACIÓN TLALPAN, C.P. 14420, CDMX",19.2840103,-99.1758052
6,6,5,WALMART EXPRESS,CALZADA DEL HUESO # 670 COL. FRACCIONAMIENTO LOS ROBLES CP. 4940 DEL. O MPIO. COYOACÁN,19.3437444,-99.1561883
6,7,0,SUPERCENTER,Superama CALZ TAXQUENA 1752,19.3391982,-99.1265836
6,7,1,SUPERCENTER,Superama AVE COYOACAN # 116,19.3437444,-99.1561883
6,7,2,SUPERCENTER,Superama CALZ DE LOS LEONES 242,19.3577363,-99.197996
6,7,3,WALMART EXPRESS,AV. SAN FERNANDO # 649 COL. PEÑA POBRE CP. 14060 DEL. O MPIO. COYOACÁN,19.2981371,-99.1815197
6,7,4,Farmacia del Ahorro,PLAN SEXENAL XOCHIMILCO,19.2765212,-99.1208119
6,7,5,CHED SELECTO,008 CIUDAD DE MEXICO CHEDRAUI MEXICO XOCHIMILCO 12-13,19.2572314,-99.1029664
6,8,0,SUPERCENTER,Supercenter AVE CANAL DE MIRAMONTES # 3520,19.2936435,-99.1252539
6,8,1,Farmacia del Ahorro,PROLONGACION DIVILON DEL NORTE XOCHIMILCO,19.2793651,-99.1230282
6,8,2,WALMART EXPRESS,Superama CALZ DE TLALPAN # 4467,19.2954137,-99.1560986
6,8,3,Farmacia del Ahorro,AV SAN FERNANDO TLALPAN,19.2931586,-99.1700667
6,8,4,Farmacia del Ahorro,AV TOLUCA ALVARO OBREGON,19.3382038,-99.2210097
6,8,5,WALMART EXPRESS,AV. UNIVERSIDAD # 1000 COL. SANTA CRUZ ATOYAC CP. 3310 DEL. O MPIO. BENITO JUÁREZ,19.3670932,-99.1659742
6,9,0,SUPERCENTER,Supercenter AV CENTRO COMERCIAL # 190,19.3064068,-99.1873094
6,9,1,WALMART EXPRESS,PERIFÉRICO SUR # 4690 COL. JARDINES DEL PEDREGAL DE SAN ANGEL CP. 4500 DEL. O MPIO. COYOACÁN,19.3045316,-99.1911815
6,9,2,SUPERCENTER,Superama MAYORAZGO 130,19.3589842,-99.1674276
6,9,3,Farmacia del Ahorro,FELIX CUEVAS BENITO JUAREZ,19.3722067,-99.1718781
6,10,0,Farmacia del Ahorro,PELICANOS GUSTAVO A MADERO,19.4753299,-99.0993479
6,10,1,Farmacia del Ahorro,JOYAS GUSTAVO A MADERO,19.4746672,-99.1145873
6,10,2,Farmacia del Ahorro,JOYAS GUSTAVO A MADERO,19.4746672,-99.1145873
6,10,3,Nutrisa,Nutrisa TORRES LINDAVISTA,19.5062744,-99.1447455
6,10,4,SUPERCENTER,Superama LAGO ALBERTO # 320,19.4408518,-99.1847365
6,10,5,Farmacia del Ahorro,HAMBURGO CUAUHTEMOC,19.4255561,-99.1661482
6,11,0,Farmacia del Ahorro,INSURGENTES CUAUHTEMOC,19.4489317,-99.1526495
6,11,1,LA COMER,LA COMER  LA COMER SANTA MARIA LA RIBERA,19.4511147,-99.1636593
6,11,2,Farmacia del Ahorro,EJE CENTRAL  LAZARO CARDENAS CUAUHTEMOC,19.4330028,-99.1410743
6,11,3,LA COMER,"Sumesa ROMERO DE TERREROS Y DIAGONAL, S. ANTONIO DEL VALLE DELEG. BENITO JUAR XX   C.P. 03020   CENTRO,   CIUDAD DE MEXICO",19.3940851,-99.1596351
6,11,4,WALMART EXPRESS,AV . INSURGENTES SUR # 1352 COL. DEL VALLE CP. 3100 DEL. O MPIO. BENITO JUÁREZ,19.3957972,-99.1715799
6,11,5,CHED SELECTO,008 CIUDAD DE MEXICO SUPER CHEDRAUI MEXICO TEZONTLE 12-15,19.3961294,-99.113074
6,12,0,Farmacia del Ahorro,AV CUAUHTEMOC BENITO JUAREZ,19.3953633,-99.1560921
6,12,1,LA COMER,"Sumesa BAJIO Y TLACOTALPAN 266 COL. ROMA DELEGACION CUAUHTEMOC. XX   C.P. 06700   CENTRO,   CIUDAD DE MEXICO",19.4029754,-99.1658757
6,12,2,CITY MARKET,"La Comer NOGAL 212 ESQ.CARPIO COL.STA MA LA RIBERA. XX   C.P. 06400   CENTRO,   CIUDAD DE MEXICO",19.4494019,-99.1568242
6,12,3,Nutrisa,AVENIDA EJERCITO NACIONAL N° 843 - B # GRANADA COL. MIGUEL HIGALGO CP. 11520 DEL. O MPIO. MIGUEL HIDALGO,19.439073,-99.2023036
6,12,4,Nutrisa,LAGO ZURICH # 245 COL. AMPLIACION GRANADA CP. 11529 DEL. O MPIO. MIGUEL HIDALGO,19.4421254,-99.2034604
6,12,5,WALMART EXPRESS,AV. EJÉRCITO NACIONAL # 980 COL. LOS MORALES CP. 11510 DEL. O MPIO. MIGUEL HIDALGO,19.4375999,-99.2070395
6,13,0,LA COMER,"Sumesa BAJIO Y TLACOTALPAN 266 COL. ROMA DELEGACION CUAUHTEMOC. XX   C.P. 06700   CENTRO,   CIUDAD DE MEXICO",19.4029754,-99.1658757
6,13,1,Farmacia del Ahorro,NUEVO LEON MIGUEL HIDALGO,19.4081118,-99.1722323
6,13,2,LA COMER,"Sumesa OAXACA Y ALVARO OBREGON COL.ROMA DELEG. CUAUTEMOC. XX   C.P. 06700   CENTRO,   CIUDAD DE MEXICO",19.4095846,-99.1575732
6,13,3,Farmacia del Ahorro,AV. TEZONTLE IZTAPALAPA,19.3963712,-99.1129474
6,13,4,Farmacia del Ahorro,AV. RIO CHURUBUSCO IZTACALCO,19.4083911,-99.0969201
6,13,5,SUPERCENTER,Supercenter MZ OTHON DE MENDIZABAL # 343,19.5061811,-99.144543
6,14,0,Nutrisa,"EJE 3 NTE 3651, VICTORIA DE LAS DEMOCRACIAS, 02810 CIUDAD DE MÉXICO, CDMX",19.471244,-99.1646479
6,14,1,SUPERCENTER,Superama HORACIO 603,19.4338116,-99.1899693
6,14,2,CHEDRAUI,"City Market LAGO ZURICH NO. 245 COL AMPLIACION GRANADA  XX   C.P. 11529   MIGUEL HIDALGO,   CIUDAD DE MEXICO",19.4430126,-99.203178
6,14,3,SUPERCENTER,Superama PACHUCA # 99,19.415274,-99.1780085
6,14,4,WALMART EXPRESS,Superama AV. ING EDUARDO MOLINA  # 6730,19.4779083,-99.099081
6,14,5,SUPERCENTER,Supercenter AV RIO DE LOS REMEDIOS 5,19.5071833,-99.0855801
6,15,0,Farmacia del Ahorro,AV. CLAVERIA AZCAPOTZALCO,19.4652947,-99.1826034
6,15,1,WALMART EXPRESS,Superama HORACIO # 1740,19.4338116,-99.1899693
6,15,2,Farmacia del Ahorro,AV SONORA CUAUHTEMOC,19.4166201,-99.1704922
6,15,3,Farmacia del Ahorro,BELISARIO DOMINGUEZ CUAUHTEMOC,19.4381399,-99.1368694
6,15,4,CHED SELECTO,008 CIUDAD DE MEXICO SUPER CHEDRAUI MEXICO BELLAVISTA 10-12,19.4467381,-99.1358195
6,15,5,Nutrisa,TORRES LINDAVISTA LOCAL 1 ISLA J # 343 COL. TORRES LINDAVISTA CP. 7700 DEL. O MPIO. GUSTAVO A. MADERO,19.5109537,-99.1442316
6,16,0,Farmacia del Ahorro,HAMBURGO CUAUHTEMOC,19.4255561,-99.1661482
6,16,1,Nutrisa,Nutrisa PARQUES POLANCO,19.440227,-99.1839282
6,16,2,SUPERCENTER,Superama HORACIO 603,19.4338116,-99.1899693
6,16,3,LA COMER,"Sumesa VIRGILIO # 15  COL.POLANCO DELEG. MIGUEL HIDALGO. XX   C.P. 11560   CENTRO,   CIUDAD DE MEXICO",19.4308628,-99.1968951
6,16,4,LA COMER,"Sumesa VIRGILIO # 15  COL.POLANCO DELEG. MIGUEL HIDALGO. XX   C.P. 11560   CENTRO,   CIUDAD DE MEXICO",19.4308628,-99.1968951
6,16,5,WALMART EXPRESS,PALMA # 39 COL. CENTRO CP. 6000 DEL. O MPIO. CUAUHTÉMOC,19.4323677,-99.1354218
6,17,0,LA COMER,"Sumesa OAXACA Y ALVARO OBREGON COL.ROMA DELEG. CUAUTEMOC. XX   C.P. 06700   CENTRO,   CIUDAD DE MEXICO",19.4095846,-99.1575732
6,17,1,CHED SELECTO,"Sumesa YUCATAN Y CHIAPAS COL.ROMA DEELG. CUAUTEMOC. XX   C.P. 06700   CENTRO,   CIUDAD DE MEXICO",19.4125496,-99.160721
6,17,2,LA COMER,"Sumesa YUCATAN Y CHIAPAS COL.ROMA DEELG. CUAUTEMOC. XX   C.P. 06700   CENTRO,   CIUDAD DE MEXICO",19.4125496,-99.160721
6,17,3,LA COMER,"Sumesa ROMERO DE TERREROS Y DIAGONAL, S. ANTONIO DEL VALLE DELEG. BENITO JUAR XX   C.P. 03020   CENTRO,   CIUDAD DE MEXICO",19.3940851,-99.1596351
6,17,4,SUPERCENTER,Supercenter AVE CUITLAHUAC # 3651,19.4715108,-99.1651608
6,17,5,WALMART EXPRESS,Superama AV. ING EDUARDO MOLINA  # 6730,19.4779083,-99.099081
6,18,0,SUPERCENTER,Supercenter AVE CUITLAHUAC # 3651,19.4715108,-99.1651608
6,18,1,Farmacia del Ahorro,CALZADA CAMARONES AZCAPOTZALCO,19.4680836,-99.1762286
6,18,2,WALMART EXPRESS,Superama HOMERO # 310,19.4349022,-99.1858385
6,18,3,CHEDRAUI,"City Market LAGO ZURICH NO. 245 COL AMPLIACION GRANADA  XX   C.P. 11529   MIGUEL HIDALGO,   CIUDAD DE MEXICO",19.4430126,-99.203178
6,18,4,Nutrisa,"CALLE LORENZO BOTURINI, NÚM. 258, P1, COLONIA TRANSITO Y/O ESPERANZA, DELEGACIÓN CUAUHTEMOC, C.P. 06820, CDMX. LOCAL SB-16",19.4174851,-99.1301609
6,18,5,Farmacia del Ahorro,AV. TEZONTLE IZTAPALAPA,19.3963712,-99.1129474
6,19,0,LA COMER,"La Comer CALZ.DE HUESO #530 COL.ESQ CANAL DE MIRAMONTES, FRACC. LOS GIRASOLES. XX   C.P. 04929   CENTRO,   CIUDAD DE MEXICO",19.4326077,-99.133208
6,19,1,SUPERCENTER,Supercenter AV INSURGENTES NTE # 131,19.4441323,-99.1537739
6,19,2,WALMART EXPRESS,MELCHOR OCAMPO # 193 COL. VERÓNICA ANZURES CP. 11300 DEL. O MPIO. CUAUHTÉMOC,19.4353234,-99.1711742
6,19,3,WALMART EXPRESS,ANTONIO M. ANZA # 20 COL. ROMA SUR CP. 6700 DEL. O MPIO. CUAUHTÉMOC,19.4112953,-99.1556476
6,19,4,Farmacia del Ahorro,MEZQUITAL CUAUHTEMOC,19.4593048,-99.1231346
6,19,5,SUPERCENTER,Supercenter NEXTENGO # 78 II A,19.4740464,-99.189213
6,20,0,SUMESA,Supercenter AV CENTRAL CARLOS HANK GLZ # S,19.5003346,-99.0429903
6,20,1,SUPERCENTER,Supercenter CALZ SN JUAN DE ARAGON # 516,19.4798101,-99.0958739
6,20,2,Nutrisa,CALZADA VALLEJO # 1090 COL. SANTA CRUZ DE LAS SALINAS CP. 2340 DEL. O MPIO. AZCAPOTZALCO,19.4874244,-99.1525925
6,20,3,Farmacia del Ahorro,LAMARTINE MIGUEL HIDALGO,19.4321195,-99.1897365
6,20,4,CHED SELECTO,"Sumesa YUCATAN Y CHIAPAS COL.ROMA DEELG. CUAUTEMOC. XX   C.P. 06700   CENTRO,   CIUDAD DE MEXICO",19.4125496,-99.160721
6,20,5,Nutrisa,Nutrisa PARQUE DELTA,19.4030111,-99.1537969
6,21,0,Nutrisa,MONTECITO # 38 COL. NAPOLES CP. 3810 DEL. O MPIO. BENITO JUÁREZ,19.3946846,-99.1740162
6,21,1,LA COMER,"Sumesa BAJIO Y TLACOTALPAN 266 COL. ROMA DELEGACION CUAUHTEMOC. XX   C.P. 06700   CENTRO,   CIUDAD DE MEXICO",19.4029754,-99.1658757
6,21,2,Farmacia del Ahorro,AV OAXACA CUAUHTEMOC,19.4196366,-99.1665661
6,21,3,Farmacia del Ahorro,PUENTE DE ALVARADO CUAUHTEMOC,19.4394785,-99.1540402
6,21,4,Farmacia del Ahorro,LOPE DE VEGA MIGUEL HIDALGO,19.4335154,-99.1872718
6,21,5,SUPERCENTER,Supercenter CALZ SN JUAN DE ARAGON # 516,19.4798101,-99.0958739
6,22,0,Farmacia del Ahorro,FRAY SERVANDO TERESA DE MIER VENUSTIANO CARRANZA,19.4218421,-99.1181022
6,22,1,LA COMER,"Sumesa YUCATAN Y CHIAPAS COL.ROMA DEELG. CUAUTEMOC. XX   C.P. 06700   CENTRO,   CIUDAD DE MEXICO",19.4125496,-99.160721
6,22,2,WALMART EXPRESS,AV . INSURGENTES SUR # 1352 COL. DEL VALLE CP. 3100 DEL. O MPIO. BENITO JUÁREZ,19.3957972,-99.1715799
6,22,3,Farmacia del Ahorro,RUBEN DARIO MIGUEL HIDALGO,19.4280383,-99.1863831
6,22,4,FRESKO,"La Comer LAGO XOCHIMILCO NO 343 ESQ LAGO ALBERTO COL ANAHUAC DELEG MIGUEL HIDAL XX   C.P. 11320   Poniente,   CIUDAD DE MEXICO",19.4382984,-99.1795932
6,22,5,Nutrisa,Nutrisa PARQUE VIA VALLEJO,19.4881833,-99.1530677
6,23,0,SUPERCENTER,Supercenter AVE CUITLAHUAC # 3651,19.4715108,-99.1651608
6,23,1,SUPERCENTER,Superama LAGO ALBERTO # 320,19.4408518,-99.1847365
6,23,2,WALMART EXPRESS,Superama HOMERO # 310,19.4349022,-99.1858385
6,23,3,LA COMER,"Sumesa LONDRES Y BRUSELAS COL.JUAREZ. DELEG. CUAUTEMOC. XX   C.P. 06600   CENTRO,   CIUDAD DE MEXICO",19.4287826,-99.1566493
6,23,4,CHED SELECTO,"Sumesa OAXACA Y ALVARO OBREGON COL.ROMA DELEG. CUAUTEMOC. XX   C.P. 06700   CENTRO,   CIUDAD DE MEXICO",19.4095846,-99.1575732
6,23,5,Nutrisa,Nutrisa PORTAL CENTRO,19.4195607,-99.1301604
